subject_id,split_no,hostname,start_time,end_time,runtime_seconds
10064774423088,0,g3051,2026-01-31T06:40:27.158149,2026-01-31T06:41:22.608148,55.45
subject_id,split_no,hostname,start_time,end_time,runtime_seconds
10114964023436,1,g3065,2026-01-31T06:40:28.371577,2026-01-31T06:41:23.649760,55.28
subject_id,split_no,hostname,start_time,end_time,runtime_seconds
12167198495341,0,g3051,2026-01-31T06:41:22.613183,2026-01-31T06:41:32.812012,10.20
subject_id,split_no,hostname,start_time,end_time,runtime_seconds
12266467217442,1,g3065,2026-01-31T06:41:23.657191,2026-01-31T06:41:33.612852,9.96
subject_id,split_no,hostname,start_time,end_time,runtime_seconds
13799268563035,0,g3051,2026-01-31T06:41:32.824189,2026-01-31T06:41:43.068575,10.24
subject_id,split_no,hostname,start_time,end_time,runtime_seconds
13982414451514,1,g3065,2026-01-31T06:41:33.631797,2026-01-31T06:41:43.450064,9.82
subject_id,split_no,hostname,start_time,end_time,runtime_seconds
16339919319697,0,g3051,2026-01-31T06:41:43.077822,2026-01-31T06:41:53.498062,10.42
subject_id,split_no,hostname,start_time,end_time,runtime_seconds
10064774423088,0,g3051,2026-01-31T06:50:23.996122,2026-01-31T06:51:27.644638,63.65
subject_id,split_no,hostname,start_time,end_time,runtime_seconds
12167198495341,0,g3051,2026-01-31T06:51:27.648939,2026-01-31T06:51:54.006292,26.36
subject_id,split_no,hostname,start_time,end_time,runtime_seconds
13799268563035,0,g3051,2026-01-31T06:51:54.011786,2026-01-31T06:52:23.933859,29.92
subject_id,split_no,hostname,start_time,end_time,runtime_seconds
10114964023436,1,g3060,2026-01-31T06:50:31.444037,2026-01-31T06:52:42.277206,130.83
subject_id,split_no,hostname,start_time,end_time,runtime_seconds
16339919319697,0,g3051,2026-01-31T06:52:23.939525,2026-01-31T06:52:52.491474,28.55
subject_id,split_no,hostname,start_time,end_time,runtime_seconds
12266467217442,1,g3060,2026-01-31T06:52:42.311568,2026-01-31T06:53:11.168720,28.86
subject_id,split_no,hostname,start_time,end_time,runtime_seconds
17236206359109,0,g3051,2026-01-31T06:52:52.497698,2026-01-31T06:53:16.962839,24.47
subject_id,split_no,hostname,start_time,end_time,runtime_seconds
13982414451514,1,g3060,2026-01-31T06:53:11.192488,2026-01-31T06:53:37.846131,26.65
subject_id,split_no,hostname,start_time,end_time,runtime_seconds
19515069348763,0,g3051,2026-01-31T06:53:18.714210,2026-01-31T06:53:47.813565,29.10
subject_id,split_no,hostname,start_time,end_time,runtime_seconds
17262617574870,1,g3060,2026-01-31T06:53:40.110316,2026-01-31T06:54:08.432881,28.32
subject_id,split_no,hostname,start_time,end_time,runtime_seconds
21909463934838,0,g3051,2026-01-31T06:53:47.841610,2026-01-31T06:54:12.717072,24.88
subject_id,split_no,hostname,start_time,end_time,runtime_seconds
18197100217970,1,g3060,2026-01-31T06:54:08.459174,2026-01-31T06:54:35.695482,27.24
subject_id,split_no,hostname,start_time,end_time,runtime_seconds
22739958691056,0,g3051,2026-01-31T06:54:12.723226,2026-01-31T06:54:41.910947,29.19
subject_id,split_no,hostname,start_time,end_time,runtime_seconds
20227712453519,1,g3060,2026-01-31T06:54:35.720291,2026-01-31T06:54:58.926800,23.21
subject_id,split_no,hostname,start_time,end_time,runtime_seconds
24429041449362,0,g3051,2026-01-31T06:54:41.916231,2026-01-31T06:55:07.559374,25.64
subject_id,split_no,hostname,start_time,end_time,runtime_seconds
21912957831748,1,g3060,2026-01-31T06:54:58.965974,2026-01-31T06:55:24.919861,25.95
subject_id,split_no,hostname,start_time,end_time,runtime_seconds
26098224140177,0,g3051,2026-01-31T06:55:07.577762,2026-01-31T06:55:31.349462,23.77
subject_id,split_no,hostname,start_time,end_time,runtime_seconds
22783198456254,1,g3060,2026-01-31T06:55:24.946252,2026-01-31T06:55:51.134379,26.19
subject_id,split_no,hostname,start_time,end_time,runtime_seconds
27756622012770,0,g3051,2026-01-31T06:55:31.355276,2026-01-31T06:55:55.837180,24.48
subject_id,split_no,hostname,start_time,end_time,runtime_seconds
10064774423088,0,g3051,2026-01-31T06:59:34.107124,2026-01-31T07:00:32.626170,58.52
subject_id,split_no,hostname,start_time,end_time,runtime_seconds
10064774423088,0,g3060,2026-01-31T07:01:41.711481,2026-01-31T07:01:57.236235,15.52
subject_id,split_no,hostname,start_time,end_time,runtime_seconds
12167198495341,0,g3060,2026-01-31T07:01:57.263219,2026-01-31T07:02:44.330949,47.07
subject_id,split_no,hostname,start_time,end_time,runtime_seconds
13799268563035,0,g3060,2026-01-31T07:02:44.335837,2026-01-31T07:03:16.785830,32.45
subject_id,split_no,hostname,start_time,end_time,runtime_seconds
10114964023436,1,g3061,2026-01-31T07:01:50.917242,2026-01-31T07:03:34.127804,103.21
subject_id,split_no,hostname,start_time,end_time,runtime_seconds
16339919319697,0,g3060,2026-01-31T07:03:16.793948,2026-01-31T07:03:44.393162,27.60
subject_id,split_no,hostname,start_time,end_time,runtime_seconds
12266467217442,1,g3061,2026-01-31T07:03:34.205233,2026-01-31T07:04:08.186691,33.98
subject_id,split_no,hostname,start_time,end_time,runtime_seconds
17236206359109,0,g3060,2026-01-31T07:03:44.401854,2026-01-31T07:04:10.514151,26.11
subject_id,split_no,hostname,start_time,end_time,runtime_seconds
10064774423088,0,g3051,2026-01-31T07:04:42.299906,2026-01-31T07:04:58.176950,15.88
subject_id,split_no,hostname,start_time,end_time,runtime_seconds
12167198495341,0,g3051,2026-01-31T07:04:58.208036,2026-01-31T07:05:07.870140,9.66
subject_id,split_no,hostname,start_time,end_time,runtime_seconds
13799268563035,0,g3051,2026-01-31T07:05:07.877877,2026-01-31T07:05:17.970907,10.09
subject_id,split_no,hostname,start_time,end_time,runtime_seconds
16339919319697,0,g3051,2026-01-31T07:05:17.975963,2026-01-31T07:05:27.819709,9.84
subject_id,split_no,hostname,start_time,end_time,runtime_seconds
17236206359109,0,g3051,2026-01-31T07:05:27.827445,2026-01-31T07:05:37.880054,10.05
subject_id,split_no,hostname,start_time,end_time,runtime_seconds
10114964023436,1,g3063,2026-01-31T07:04:50.080959,2026-01-31T07:05:47.793373,57.71
subject_id,split_no,hostname,start_time,end_time,runtime_seconds
12266467217442,1,g3063,2026-01-31T07:05:47.802274,2026-01-31T07:06:02.487291,14.69
subject_id,split_no,hostname,start_time,end_time,runtime_seconds
19515069348763,0,g3051,2026-01-31T07:05:39.566724,2026-01-31T07:06:24.650077,45.08
subject_id,split_no,hostname,start_time,end_time,runtime_seconds
21909463934838,0,g3051,2026-01-31T07:06:24.678954,2026-01-31T07:06:53.713229,29.03
subject_id,split_no,hostname,start_time,end_time,runtime_seconds
22739958691056,0,g3051,2026-01-31T07:06:53.721253,2026-01-31T07:07:21.226154,27.50
subject_id,split_no,hostname,start_time,end_time,runtime_seconds
13982414451514,1,g3063,2026-01-31T07:06:02.494569,2026-01-31T07:07:32.938783,90.44
subject_id,split_no,hostname,start_time,end_time,runtime_seconds
24429041449362,0,g3051,2026-01-31T07:07:21.231032,2026-01-31T07:07:47.779264,26.55
subject_id,split_no,hostname,start_time,end_time,runtime_seconds
17262617574870,1,g3063,2026-01-31T07:07:39.675825,2026-01-31T07:08:03.984172,24.31
subject_id,split_no,hostname,start_time,end_time,runtime_seconds
26098224140177,0,g3051,2026-01-31T07:07:47.815982,2026-01-31T07:08:12.038728,24.22
subject_id,split_no,hostname,start_time,end_time,runtime_seconds
18197100217970,1,g3063,2026-01-31T07:08:04.008253,2026-01-31T07:08:33.386077,29.38
subject_id,split_no,hostname,start_time,end_time,runtime_seconds
27756622012770,0,g3051,2026-01-31T07:08:12.049965,2026-01-31T07:08:35.661069,23.61
subject_id,split_no,hostname,start_time,end_time,runtime_seconds
29906987659391,0,g3051,2026-01-31T07:08:35.670572,2026-01-31T07:08:59.735305,24.06
subject_id,split_no,hostname,start_time,end_time,runtime_seconds
20227712453519,1,g3063,2026-01-31T07:08:33.415933,2026-01-31T07:09:01.086208,27.67
subject_id,split_no,hostname,start_time,end_time,runtime_seconds
31106616463767,0,g3051,2026-01-31T07:08:59.743056,2026-01-31T07:09:26.120033,26.38
subject_id,split_no,hostname,start_time,end_time,runtime_seconds
21912957831748,1,g3063,2026-01-31T07:09:01.102535,2026-01-31T07:09:26.382728,25.28
subject_id,split_no,hostname,start_time,end_time,runtime_seconds
40378064041205,0,g3051,2026-01-31T07:09:27.895429,2026-01-31T07:10:00.568254,32.67
subject_id,split_no,hostname,start_time,end_time,runtime_seconds
22783198456254,1,g3063,2026-01-31T07:09:26.394807,2026-01-31T07:10:01.750610,35.36
subject_id,split_no,hostname,start_time,end_time,runtime_seconds
46975302291393,0,g3051,2026-01-31T07:10:00.607003,2026-01-31T07:10:31.639325,31.03
subject_id,split_no,hostname,start_time,end_time,runtime_seconds
24551911631824,1,g3063,2026-01-31T07:10:01.763985,2026-01-31T07:10:32.104285,30.34
subject_id,split_no,hostname,start_time,end_time,runtime_seconds
62692215849422,0,g3051,2026-01-31T07:10:31.656933,2026-01-31T07:10:55.364590,23.71
subject_id,split_no,hostname,start_time,end_time,runtime_seconds
26833157256271,1,g3063,2026-01-31T07:10:32.117321,2026-01-31T07:11:01.398155,29.28
subject_id,split_no,hostname,start_time,end_time,runtime_seconds
84541548076919,0,g3051,2026-01-31T07:10:55.387749,2026-01-31T07:11:20.919082,25.53
subject_id,split_no,hostname,start_time,end_time,runtime_seconds
27896086573534,1,g3063,2026-01-31T07:11:01.415026,2026-01-31T07:11:29.809174,28.39
subject_id,split_no,hostname,start_time,end_time,runtime_seconds
30223399781499,1,g3063,2026-01-31T07:11:29.823307,2026-01-31T07:11:52.517749,22.69
subject_id,split_no,hostname,start_time,end_time,runtime_seconds
31351035633578,1,g3063,2026-01-31T07:11:52.523427,2026-01-31T07:12:21.921994,29.40
subject_id,split_no,hostname,start_time,end_time,runtime_seconds
10244062723965,2,g3060,2026-01-31T07:11:54.117870,2026-01-31T07:12:51.229927,57.11
subject_id,split_no,hostname,start_time,end_time,runtime_seconds
40517844001162,1,g3063,2026-01-31T07:12:30.621633,2026-01-31T07:12:54.919824,24.30
subject_id,split_no,hostname,start_time,end_time,runtime_seconds
65715967822251,1,g3063,2026-01-31T07:12:56.779283,2026-01-31T07:13:19.791453,23.01
subject_id,split_no,hostname,start_time,end_time,runtime_seconds
12295585158434,2,g3060,2026-01-31T07:12:51.249166,2026-01-31T07:13:20.842489,29.59
subject_id,split_no,hostname,start_time,end_time,runtime_seconds
84898953059284,1,g3063,2026-01-31T07:13:19.799975,2026-01-31T07:13:45.655058,25.86
subject_id,split_no,hostname,start_time,end_time,runtime_seconds
16580717943140,2,g3060,2026-01-31T07:13:23.364507,2026-01-31T07:13:45.847246,22.48
subject_id,split_no,hostname,start_time,end_time,runtime_seconds
17393945148956,2,g3060,2026-01-31T07:13:45.857204,2026-01-31T07:14:19.951272,34.09
subject_id,split_no,hostname,start_time,end_time,runtime_seconds
18587545975395,2,g3060,2026-01-31T07:14:19.958481,2026-01-31T07:14:50.047977,30.09
subject_id,split_no,hostname,start_time,end_time,runtime_seconds
20567292369503,2,g3060,2026-01-31T07:14:50.055673,2026-01-31T07:15:15.879299,25.82
subject_id,split_no,hostname,start_time,end_time,runtime_seconds
10398309591377,3,g3051,2026-01-31T07:14:27.138484,2026-01-31T07:15:20.882329,53.74
subject_id,split_no,hostname,start_time,end_time,runtime_seconds
22029752470512,2,g3060,2026-01-31T07:15:15.887202,2026-01-31T07:15:39.052709,23.17
subject_id,split_no,hostname,start_time,end_time,runtime_seconds
12483336067346,3,g3051,2026-01-31T07:15:20.890242,2026-01-31T07:15:46.458721,25.57
subject_id,split_no,hostname,start_time,end_time,runtime_seconds
23148363972280,2,g3060,2026-01-31T07:15:39.075861,2026-01-31T07:16:08.037624,28.96
subject_id,split_no,hostname,start_time,end_time,runtime_seconds
14762184019761,3,g3051,2026-01-31T07:15:46.480006,2026-01-31T07:16:13.858273,27.38
subject_id,split_no,hostname,start_time,end_time,runtime_seconds
24626801357217,2,g3060,2026-01-31T07:16:08.066866,2026-01-31T07:16:36.549942,28.48
subject_id,split_no,hostname,start_time,end_time,runtime_seconds
16596482480503,3,g3051,2026-01-31T07:16:13.863296,2026-01-31T07:16:43.416357,29.55
subject_id,split_no,hostname,start_time,end_time,runtime_seconds
26858321694770,2,g3060,2026-01-31T07:16:36.584258,2026-01-31T07:17:06.967038,30.38
subject_id,split_no,hostname,start_time,end_time,runtime_seconds
17438703990611,3,g3051,2026-01-31T07:16:43.425760,2026-01-31T07:17:12.874835,29.45
subject_id,split_no,hostname,start_time,end_time,runtime_seconds
27900479268080,2,g3060,2026-01-31T07:17:06.990142,2026-01-31T07:17:30.079477,23.09
subject_id,split_no,hostname,start_time,end_time,runtime_seconds
18593047283669,3,g3051,2026-01-31T07:17:12.885158,2026-01-31T07:17:39.661295,26.78
subject_id,split_no,hostname,start_time,end_time,runtime_seconds
30249571217369,2,g3060,2026-01-31T07:17:30.104829,2026-01-31T07:17:52.842581,22.74
subject_id,split_no,hostname,start_time,end_time,runtime_seconds
20753900311247,3,g3051,2026-01-31T07:17:39.670684,2026-01-31T07:18:02.927720,23.26
subject_id,split_no,hostname,start_time,end_time,runtime_seconds
31513092502755,2,g3060,2026-01-31T07:17:52.863543,2026-01-31T07:18:20.598177,27.73
subject_id,split_no,hostname,start_time,end_time,runtime_seconds
22222013311100,3,g3051,2026-01-31T07:18:02.954693,2026-01-31T07:18:30.842100,27.89
subject_id,split_no,hostname,start_time,end_time,runtime_seconds
33690685722826,2,g3060,2026-01-31T07:18:20.623746,2026-01-31T07:18:47.845084,27.22
subject_id,split_no,hostname,start_time,end_time,runtime_seconds
23218855559881,3,g3051,2026-01-31T07:18:30.919260,2026-01-31T07:19:00.789145,29.87
subject_id,split_no,hostname,start_time,end_time,runtime_seconds
48239930456278,2,g3060,2026-01-31T07:18:49.767702,2026-01-31T07:19:15.391073,25.62
subject_id,split_no,hostname,start_time,end_time,runtime_seconds
25097313172624,3,g3051,2026-01-31T07:19:00.811003,2026-01-31T07:19:36.715764,35.90
subject_id,split_no,hostname,start_time,end_time,runtime_seconds
70763336732891,2,g3060,2026-01-31T07:19:15.417551,2026-01-31T07:19:41.360667,25.94
subject_id,split_no,hostname,start_time,end_time,runtime_seconds
26893343487601,3,g3051,2026-01-31T07:19:36.736992,2026-01-31T07:20:05.527392,28.79
subject_id,split_no,hostname,start_time,end_time,runtime_seconds
86479430180778,2,g3060,2026-01-31T07:19:41.374602,2026-01-31T07:20:10.740001,29.37
subject_id,split_no,hostname,start_time,end_time,runtime_seconds
27983637270581,3,g3051,2026-01-31T07:20:05.546670,2026-01-31T07:20:32.518821,26.97
subject_id,split_no,hostname,start_time,end_time,runtime_seconds
30287088240713,3,g3051,2026-01-31T07:20:32.542411,2026-01-31T07:20:56.005665,23.46
subject_id,split_no,hostname,start_time,end_time,runtime_seconds
31587484358496,3,g3051,2026-01-31T07:20:56.012582,2026-01-31T07:21:22.167164,26.15
subject_id,split_no,hostname,start_time,end_time,runtime_seconds
33718969393831,3,g3051,2026-01-31T07:21:22.195409,2026-01-31T07:21:47.465829,25.27
subject_id,split_no,hostname,start_time,end_time,runtime_seconds
10429562789336,4,g3061,2026-01-31T07:20:36.402683,2026-01-31T07:21:48.029261,71.63
subject_id,split_no,hostname,start_time,end_time,runtime_seconds
41466768058195,3,g3051,2026-01-31T07:21:47.471287,2026-01-31T07:22:13.767560,26.30
subject_id,split_no,hostname,start_time,end_time,runtime_seconds
12603555538074,4,g3061,2026-01-31T07:21:48.047285,2026-01-31T07:22:18.870650,30.82
subject_id,split_no,hostname,start_time,end_time,runtime_seconds
49244676843532,3,g3051,2026-01-31T07:22:13.782065,2026-01-31T07:22:41.029198,27.25
subject_id,split_no,hostname,start_time,end_time,runtime_seconds
14922568896202,4,g3061,2026-01-31T07:22:18.885990,2026-01-31T07:22:50.679041,31.79
subject_id,split_no,hostname,start_time,end_time,runtime_seconds
71849017280872,3,g3051,2026-01-31T07:22:41.050190,2026-01-31T07:23:05.585072,24.53
subject_id,split_no,hostname,start_time,end_time,runtime_seconds
16635154909336,4,g3061,2026-01-31T07:22:50.690199,2026-01-31T07:23:20.551345,29.86
subject_id,split_no,hostname,start_time,end_time,runtime_seconds
86494014107780,3,g3051,2026-01-31T07:23:05.607722,2026-01-31T07:23:32.741788,27.13
subject_id,split_no,hostname,start_time,end_time,runtime_seconds
17473147525541,4,g3061,2026-01-31T07:23:20.568714,2026-01-31T07:23:45.414056,24.85
subject_id,split_no,hostname,start_time,end_time,runtime_seconds
18656989117944,4,g3061,2026-01-31T07:23:45.437232,2026-01-31T07:24:11.363196,25.93
subject_id,split_no,hostname,start_time,end_time,runtime_seconds
20802163963645,4,g3061,2026-01-31T07:24:11.368952,2026-01-31T07:24:34.180289,22.81
subject_id,split_no,hostname,start_time,end_time,runtime_seconds
22340848740056,4,g3061,2026-01-31T07:24:34.221203,2026-01-31T07:24:59.012306,24.79
subject_id,split_no,hostname,start_time,end_time,runtime_seconds
10441917611067,5,g3060,2026-01-31T07:24:08.429408,2026-01-31T07:25:08.973520,60.54
subject_id,split_no,hostname,start_time,end_time,runtime_seconds
23274951412464,4,g3061,2026-01-31T07:24:59.016868,2026-01-31T07:25:31.725376,32.71
subject_id,split_no,hostname,start_time,end_time,runtime_seconds
12610730367854,5,g3060,2026-01-31T07:25:08.989082,2026-01-31T07:25:37.636742,28.65
subject_id,split_no,hostname,start_time,end_time,runtime_seconds
25242073263098,4,g3061,2026-01-31T07:25:31.740358,2026-01-31T07:25:57.742745,26.00
subject_id,split_no,hostname,start_time,end_time,runtime_seconds
14938670040464,5,g3060,2026-01-31T07:25:37.651104,2026-01-31T07:26:03.247527,25.60
subject_id,split_no,hostname,start_time,end_time,runtime_seconds
27006137583344,4,g3061,2026-01-31T07:25:57.752022,2026-01-31T07:26:20.634426,22.88
subject_id,split_no,hostname,start_time,end_time,runtime_seconds
16741868665515,5,g3060,2026-01-31T07:26:03.258303,2026-01-31T07:26:36.638978,33.38
subject_id,split_no,hostname,start_time,end_time,runtime_seconds
28181545952203,4,g3061,2026-01-31T07:26:20.653066,2026-01-31T07:26:42.413485,21.76
subject_id,split_no,hostname,start_time,end_time,runtime_seconds
30390669934425,4,g3061,2026-01-31T07:26:42.423153,2026-01-31T07:27:01.295176,18.87
subject_id,split_no,hostname,start_time,end_time,runtime_seconds
17508842326859,5,g3060,2026-01-31T07:26:36.660912,2026-01-31T07:27:03.494897,26.83
subject_id,split_no,hostname,start_time,end_time,runtime_seconds
31641093204866,4,g3061,2026-01-31T07:27:01.300327,2026-01-31T07:27:27.138960,25.84
subject_id,split_no,hostname,start_time,end_time,runtime_seconds
18859300738112,5,g3060,2026-01-31T07:27:03.508659,2026-01-31T07:27:32.950854,29.44
subject_id,split_no,hostname,start_time,end_time,runtime_seconds
33752435803828,4,g3061,2026-01-31T07:27:27.177284,2026-01-31T07:27:55.406486,28.23
subject_id,split_no,hostname,start_time,end_time,runtime_seconds
22478736382873,5,g3060,2026-01-31T07:27:35.163980,2026-01-31T07:28:03.656957,28.49
subject_id,split_no,hostname,start_time,end_time,runtime_seconds
43717166913394,4,g3061,2026-01-31T07:27:55.420395,2026-01-31T07:28:19.210852,23.79
subject_id,split_no,hostname,start_time,end_time,runtime_seconds
23281773745711,5,g3060,2026-01-31T07:28:03.667886,2026-01-31T07:28:32.886182,29.22
subject_id,split_no,hostname,start_time,end_time,runtime_seconds
50276292875695,4,g3061,2026-01-31T07:28:19.229995,2026-01-31T07:28:48.272379,29.04
subject_id,split_no,hostname,start_time,end_time,runtime_seconds
25310981994593,5,g3060,2026-01-31T07:28:32.911861,2026-01-31T07:29:04.469286,31.56
subject_id,split_no,hostname,start_time,end_time,runtime_seconds
76084158638666,4,g3061,2026-01-31T07:28:48.277972,2026-01-31T07:29:11.966214,23.69
subject_id,split_no,hostname,start_time,end_time,runtime_seconds
27091259602746,5,g3060,2026-01-31T07:29:04.500547,2026-01-31T07:29:33.675272,29.17
subject_id,split_no,hostname,start_time,end_time,runtime_seconds
88701623027519,4,g3061,2026-01-31T07:29:11.975177,2026-01-31T07:29:39.611361,27.64
subject_id,split_no,hostname,start_time,end_time,runtime_seconds
28597611781685,5,g3060,2026-01-31T07:29:33.696922,2026-01-31T07:30:03.274822,29.58
subject_id,split_no,hostname,start_time,end_time,runtime_seconds
30501682770038,5,g3060,2026-01-31T07:30:03.286848,2026-01-31T07:30:29.117102,25.83
subject_id,split_no,hostname,start_time,end_time,runtime_seconds
35918397061286,5,g3060,2026-01-31T07:30:31.321235,2026-01-31T07:30:59.562946,28.24
subject_id,split_no,hostname,start_time,end_time,runtime_seconds
11495363861930,6,g3051,2026-01-31T07:30:14.166260,2026-01-31T07:31:11.766020,57.60
subject_id,split_no,hostname,start_time,end_time,runtime_seconds
45203724572086,5,g3060,2026-01-31T07:30:59.570599,2026-01-31T07:31:26.455514,26.88
subject_id,split_no,hostname,start_time,end_time,runtime_seconds
12672270699804,6,g3051,2026-01-31T07:31:11.776236,2026-01-31T07:31:37.603635,25.83
subject_id,split_no,hostname,start_time,end_time,runtime_seconds
57059342504789,5,g3060,2026-01-31T07:31:26.468558,2026-01-31T07:31:54.365220,27.90
subject_id,split_no,hostname,start_time,end_time,runtime_seconds
15668000246431,6,g3051,2026-01-31T07:31:37.617031,2026-01-31T07:32:08.396340,30.78
subject_id,split_no,hostname,start_time,end_time,runtime_seconds
76811337679033,5,g3060,2026-01-31T07:31:54.386917,2026-01-31T07:32:26.803028,32.42
subject_id,split_no,hostname,start_time,end_time,runtime_seconds
16841296268084,6,g3051,2026-01-31T07:32:08.441126,2026-01-31T07:32:31.776607,23.34
subject_id,split_no,hostname,start_time,end_time,runtime_seconds
88976336920958,5,g3060,2026-01-31T07:32:26.817739,2026-01-31T07:32:52.260280,25.44
subject_id,split_no,hostname,start_time,end_time,runtime_seconds
17641413509638,6,g3051,2026-01-31T07:32:31.783171,2026-01-31T07:32:58.836240,27.05
subject_id,split_no,hostname,start_time,end_time,runtime_seconds
18900019516078,6,g3051,2026-01-31T07:32:58.842059,2026-01-31T07:33:27.994338,29.15
subject_id,split_no,hostname,start_time,end_time,runtime_seconds
21543361887748,6,g3051,2026-01-31T07:33:28.000890,2026-01-31T07:33:52.407855,24.41
subject_id,split_no,hostname,start_time,end_time,runtime_seconds
11793095403620,7,g3061,2026-01-31T07:33:18.041301,2026-01-31T07:34:17.417986,59.38
subject_id,split_no,hostname,start_time,end_time,runtime_seconds
22513869714470,6,g3051,2026-01-31T07:33:52.422484,2026-01-31T07:34:21.192249,28.77
subject_id,split_no,hostname,start_time,end_time,runtime_seconds
23517767890026,6,g3051,2026-01-31T07:34:21.197915,2026-01-31T07:34:47.398845,26.20
subject_id,split_no,hostname,start_time,end_time,runtime_seconds
12685165126954,7,g3061,2026-01-31T07:34:17.445974,2026-01-31T07:34:47.591325,30.15
subject_id,split_no,hostname,start_time,end_time,runtime_seconds
25325158121363,6,g3051,2026-01-31T07:34:47.404212,2026-01-31T07:35:08.899065,21.49
subject_id,split_no,hostname,start_time,end_time,runtime_seconds
15937880385805,7,g3061,2026-01-31T07:34:47.603989,2026-01-31T07:35:12.963122,25.36
subject_id,split_no,hostname,start_time,end_time,runtime_seconds
27148952284995,6,g3051,2026-01-31T07:35:08.908112,2026-01-31T07:35:38.814076,29.91
subject_id,split_no,hostname,start_time,end_time,runtime_seconds
16886552183776,7,g3061,2026-01-31T07:35:12.972832,2026-01-31T07:35:40.387407,27.41
subject_id,split_no,hostname,start_time,end_time,runtime_seconds
17816672235957,7,g3061,2026-01-31T07:35:40.404812,2026-01-31T07:36:06.908906,26.50
subject_id,split_no,hostname,start_time,end_time,runtime_seconds
28777808709070,6,g3051,2026-01-31T07:35:38.834745,2026-01-31T07:36:09.010614,30.18
subject_id,split_no,hostname,start_time,end_time,runtime_seconds
30650427919742,6,g3051,2026-01-31T07:36:09.021330,2026-01-31T07:36:29.412735,20.39
subject_id,split_no,hostname,start_time,end_time,runtime_seconds
21761046488110,7,g3061,2026-01-31T07:36:08.961277,2026-01-31T07:36:36.813196,27.85
subject_id,split_no,hostname,start_time,end_time,runtime_seconds
36201305796834,6,g3051,2026-01-31T07:36:31.147095,2026-01-31T07:36:56.751078,25.60
subject_id,split_no,hostname,start_time,end_time,runtime_seconds
22649012359469,7,g3061,2026-01-31T07:36:36.828609,2026-01-31T07:37:02.212986,25.38
subject_id,split_no,hostname,start_time,end_time,runtime_seconds
45305246589934,6,g3051,2026-01-31T07:36:56.778647,2026-01-31T07:37:21.885140,25.11
subject_id,split_no,hostname,start_time,end_time,runtime_seconds
23560806231745,7,g3061,2026-01-31T07:37:02.221714,2026-01-31T07:37:29.539199,27.32
subject_id,split_no,hostname,start_time,end_time,runtime_seconds
59243724971828,6,g3051,2026-01-31T07:37:21.893618,2026-01-31T07:37:44.937256,23.04
subject_id,split_no,hostname,start_time,end_time,runtime_seconds
25549124438619,7,g3061,2026-01-31T07:37:29.554085,2026-01-31T07:37:59.700664,30.15
subject_id,split_no,hostname,start_time,end_time,runtime_seconds
77553978098979,6,g3051,2026-01-31T07:37:44.965303,2026-01-31T07:38:10.609306,25.64
subject_id,split_no,hostname,start_time,end_time,runtime_seconds
89573218664301,6,g3051,2026-01-31T07:38:10.615679,2026-01-31T07:38:30.664691,20.05
subject_id,split_no,hostname,start_time,end_time,runtime_seconds
27493821342368,7,g3061,2026-01-31T07:37:59.739643,2026-01-31T07:38:31.382277,31.64
subject_id,split_no,hostname,start_time,end_time,runtime_seconds
28993716581161,7,g3061,2026-01-31T07:38:31.404040,2026-01-31T07:38:54.589902,23.19
subject_id,split_no,hostname,start_time,end_time,runtime_seconds
30718077526767,7,g3061,2026-01-31T07:38:54.596868,2026-01-31T07:39:23.065982,28.47
subject_id,split_no,hostname,start_time,end_time,runtime_seconds
36361143111330,7,g3061,2026-01-31T07:39:25.068881,2026-01-31T07:39:49.095740,24.03
subject_id,split_no,hostname,start_time,end_time,runtime_seconds
11868547770861,8,g3060,2026-01-31T07:38:51.874436,2026-01-31T07:39:50.845632,58.97
subject_id,split_no,hostname,start_time,end_time,runtime_seconds
45379130198598,7,g3061,2026-01-31T07:39:49.104007,2026-01-31T07:40:15.691049,26.59
subject_id,split_no,hostname,start_time,end_time,runtime_seconds
13022952193695,8,g3060,2026-01-31T07:39:50.857398,2026-01-31T07:40:16.418321,25.56
subject_id,split_no,hostname,start_time,end_time,runtime_seconds
59499886691466,7,g3061,2026-01-31T07:40:15.739468,2026-01-31T07:40:44.406043,28.67
subject_id,split_no,hostname,start_time,end_time,runtime_seconds
16058787153001,8,g3060,2026-01-31T07:40:16.427852,2026-01-31T07:40:49.282243,32.85
subject_id,split_no,hostname,start_time,end_time,runtime_seconds
78826126469594,7,g3061,2026-01-31T07:40:44.432406,2026-01-31T07:41:09.768402,25.34
subject_id,split_no,hostname,start_time,end_time,runtime_seconds
16926185273548,8,g3060,2026-01-31T07:40:49.290659,2026-01-31T07:41:17.219782,27.93
subject_id,split_no,hostname,start_time,end_time,runtime_seconds
90024861092544,7,g3061,2026-01-31T07:41:09.781302,2026-01-31T07:41:32.631003,22.85
subject_id,split_no,hostname,start_time,end_time,runtime_seconds
17927755785666,8,g3060,2026-01-31T07:41:17.225668,2026-01-31T07:41:45.362886,28.14
subject_id,split_no,hostname,start_time,end_time,runtime_seconds
19216744737641,8,g3060,2026-01-31T07:41:45.369516,2026-01-31T07:42:10.869909,25.50
subject_id,split_no,hostname,start_time,end_time,runtime_seconds
21802600731288,8,g3060,2026-01-31T07:42:10.873793,2026-01-31T07:42:38.298075,27.42
subject_id,split_no,hostname,start_time,end_time,runtime_seconds
11961775761525,9,g3051,2026-01-31T07:41:54.601414,2026-01-31T07:42:48.907402,54.31
subject_id,split_no,hostname,start_time,end_time,runtime_seconds
24081053373989,8,g3060,2026-01-31T07:42:40.528811,2026-01-31T07:43:04.128820,23.60
subject_id,split_no,hostname,start_time,end_time,runtime_seconds
13215970035309,9,g3051,2026-01-31T07:42:48.918787,2026-01-31T07:43:17.906820,28.99
subject_id,split_no,hostname,start_time,end_time,runtime_seconds
25571147667431,8,g3060,2026-01-31T07:43:04.149822,2026-01-31T07:43:27.454766,23.30
subject_id,split_no,hostname,start_time,end_time,runtime_seconds
16228664760455,9,g3051,2026-01-31T07:43:17.922641,2026-01-31T07:43:44.110205,26.19
subject_id,split_no,hostname,start_time,end_time,runtime_seconds
27573818526654,8,g3060,2026-01-31T07:43:27.464397,2026-01-31T07:43:52.182604,24.72
subject_id,split_no,hostname,start_time,end_time,runtime_seconds
17101939938068,9,g3051,2026-01-31T07:43:44.119037,2026-01-31T07:44:10.448234,26.33
subject_id,split_no,hostname,start_time,end_time,runtime_seconds
29164716624643,8,g3060,2026-01-31T07:43:52.191846,2026-01-31T07:44:23.903634,31.71
subject_id,split_no,hostname,start_time,end_time,runtime_seconds
18178570365313,9,g3051,2026-01-31T07:44:10.472051,2026-01-31T07:44:36.801617,26.33
subject_id,split_no,hostname,start_time,end_time,runtime_seconds
30773833734707,8,g3060,2026-01-31T07:44:23.922328,2026-01-31T07:44:54.902492,30.98
subject_id,split_no,hostname,start_time,end_time,runtime_seconds
19247185345726,9,g3051,2026-01-31T07:44:36.817809,2026-01-31T07:45:04.622132,27.80
subject_id,split_no,hostname,start_time,end_time,runtime_seconds
21845623478439,9,g3051,2026-01-31T07:45:04.632809,2026-01-31T07:45:26.456002,21.82
subject_id,split_no,hostname,start_time,end_time,runtime_seconds
45519297964635,8,g3060,2026-01-31T07:44:59.248517,2026-01-31T07:45:30.349581,31.10
subject_id,split_no,hostname,start_time,end_time,runtime_seconds
22734740452340,9,g3051,2026-01-31T07:45:26.473232,2026-01-31T07:45:48.030434,21.56
subject_id,split_no,hostname,start_time,end_time,runtime_seconds
59945412009507,8,g3060,2026-01-31T07:45:30.359029,2026-01-31T07:45:57.440082,27.08
subject_id,split_no,hostname,start_time,end_time,runtime_seconds
24218688635597,9,g3051,2026-01-31T07:45:48.048969,2026-01-31T07:46:12.746076,24.70
subject_id,split_no,hostname,start_time,end_time,runtime_seconds
79138744870647,8,g3060,2026-01-31T07:45:57.448837,2026-01-31T07:46:27.584115,30.14
subject_id,split_no,hostname,start_time,end_time,runtime_seconds
25639609314537,9,g3051,2026-01-31T07:46:12.779516,2026-01-31T07:46:34.628061,21.85
subject_id,split_no,hostname,start_time,end_time,runtime_seconds
93491128291443,8,g3060,2026-01-31T07:46:27.595205,2026-01-31T07:46:53.811569,26.22
subject_id,split_no,hostname,start_time,end_time,runtime_seconds
27688522025372,9,g3051,2026-01-31T07:46:34.636493,2026-01-31T07:47:05.143841,30.51
subject_id,split_no,hostname,start_time,end_time,runtime_seconds
29626022997414,9,g3051,2026-01-31T07:47:05.154037,2026-01-31T07:47:26.853249,21.70
subject_id,split_no,hostname,start_time,end_time,runtime_seconds
30809796368199,9,g3051,2026-01-31T07:47:26.858285,2026-01-31T07:47:51.756201,24.90
subject_id,split_no,hostname,start_time,end_time,runtime_seconds
38673156607957,9,g3051,2026-01-31T07:47:53.658193,2026-01-31T07:48:21.874941,28.22
subject_id,split_no,hostname,start_time,end_time,runtime_seconds
46240253759706,9,g3051,2026-01-31T07:48:21.881077,2026-01-31T07:48:49.765404,27.88
subject_id,split_no,hostname,start_time,end_time,runtime_seconds
62146545467058,9,g3051,2026-01-31T07:48:49.770544,2026-01-31T07:49:11.941106,22.17
subject_id,split_no,hostname,start_time,end_time,runtime_seconds
82298679836592,9,g3051,2026-01-31T07:49:11.956055,2026-01-31T07:49:37.727987,25.77
subject_id,split_no,hostname,start_time,end_time,runtime_seconds
99542841613815,9,g3051,2026-01-31T07:49:37.735217,2026-01-31T07:50:02.429313,24.69
subject_id,split_no,hostname,start_time,end_time,runtime_seconds
10064774423088,0,g3060,2026-02-01T08:45:36.782052,2026-02-01T08:46:48.356850,71.57
subject_id,split_no,hostname,start_time,end_time,runtime_seconds
12167198495341,0,g3060,2026-02-01T08:46:48.397221,2026-02-01T08:47:14.438350,26.04
subject_id,split_no,hostname,start_time,end_time,runtime_seconds
13799268563035,0,g3060,2026-02-01T08:47:14.442407,2026-02-01T08:47:38.952882,24.51
subject_id,split_no,hostname,start_time,end_time,runtime_seconds
16339919319697,0,g3060,2026-02-01T08:47:38.955106,2026-02-01T08:48:11.021415,32.07
subject_id,split_no,hostname,start_time,end_time,runtime_seconds
17236206359109,0,g3060,2026-02-01T08:48:11.026559,2026-02-01T08:48:38.504943,27.48
subject_id,split_no,hostname,start_time,end_time,runtime_seconds
18188206483800,0,g3060,2026-02-01T08:48:38.510221,2026-02-01T08:49:12.875058,34.36
subject_id,split_no,hostname,start_time,end_time,runtime_seconds
19515069348763,0,g3060,2026-02-01T08:49:12.880576,2026-02-01T08:49:42.785028,29.90
subject_id,split_no,hostname,start_time,end_time,runtime_seconds
21909463934838,0,g3060,2026-02-01T08:49:42.804313,2026-02-01T08:50:14.151897,31.35
subject_id,split_no,hostname,start_time,end_time,runtime_seconds
22739958691056,0,g3060,2026-02-01T08:50:14.156988,2026-02-01T08:50:37.159537,23.00
subject_id,split_no,hostname,start_time,end_time,runtime_seconds
24429041449362,0,g3060,2026-02-01T08:50:37.163506,2026-02-01T08:51:05.257460,28.09
subject_id,split_no,hostname,start_time,end_time,runtime_seconds
26098224140177,0,g3060,2026-02-01T08:51:05.262846,2026-02-01T08:51:30.517080,25.25
subject_id,split_no,hostname,start_time,end_time,runtime_seconds
27756622012770,0,g3060,2026-02-01T08:51:30.539754,2026-02-01T08:51:54.185044,23.65
subject_id,split_no,hostname,start_time,end_time,runtime_seconds
10064774423088,0,g3060,2026-02-01T08:53:41.038949,2026-02-01T08:53:55.431629,14.39
subject_id,split_no,hostname,start_time,end_time,runtime_seconds
12167198495341,0,g3060,2026-02-01T08:53:55.434811,2026-02-01T08:54:05.265805,9.83
subject_id,split_no,hostname,start_time,end_time,runtime_seconds
13799268563035,0,g3060,2026-02-01T08:54:05.271049,2026-02-01T08:54:15.274069,10.00
subject_id,split_no,hostname,start_time,end_time,runtime_seconds
16339919319697,0,g3060,2026-02-01T08:54:15.279684,2026-02-01T08:54:29.084288,13.80
subject_id,split_no,hostname,start_time,end_time,runtime_seconds
17236206359109,0,g3060,2026-02-01T08:54:29.086679,2026-02-01T08:54:40.269761,11.18
subject_id,split_no,hostname,start_time,end_time,runtime_seconds
18188206483800,0,g3060,2026-02-01T08:54:40.275101,2026-02-01T08:54:52.562789,12.29
subject_id,split_no,hostname,start_time,end_time,runtime_seconds
19515069348763,0,g3060,2026-02-01T08:54:52.568158,2026-02-01T08:55:04.718673,12.15
subject_id,split_no,hostname,start_time,end_time,runtime_seconds
21909463934838,0,g3060,2026-02-01T08:55:04.724285,2026-02-01T08:55:16.929854,12.21
subject_id,split_no,hostname,start_time,end_time,runtime_seconds
22739958691056,0,g3060,2026-02-01T08:55:16.935931,2026-02-01T08:55:26.563029,9.63
subject_id,split_no,hostname,start_time,end_time,runtime_seconds
24429041449362,0,g3060,2026-02-01T08:55:26.568525,2026-02-01T08:55:36.748752,10.18
subject_id,split_no,hostname,start_time,end_time,runtime_seconds
26098224140177,0,g3060,2026-02-01T08:55:36.753656,2026-02-01T08:55:46.830051,10.08
subject_id,split_no,hostname,start_time,end_time,runtime_seconds
27756622012770,0,g3060,2026-02-01T08:55:46.836444,2026-02-01T08:55:57.593288,10.76
subject_id,split_no,hostname,start_time,end_time,runtime_seconds
29906987659391,0,g3060,2026-02-01T08:55:57.596346,2026-02-01T08:56:47.846099,50.25
subject_id,split_no,hostname,start_time,end_time,runtime_seconds
31106616463767,0,g3060,2026-02-01T08:56:47.849101,2026-02-01T08:57:26.597948,38.75
subject_id,split_no,hostname,start_time,end_time,runtime_seconds
33518721637620,0,g3060,2026-02-01T08:57:26.604120,2026-02-01T08:57:47.416462,20.81
subject_id,split_no,hostname,start_time,end_time,runtime_seconds
40378064041205,0,g3060,2026-02-01T08:57:47.420171,2026-02-01T08:58:17.939709,30.52
subject_id,split_no,hostname,start_time,end_time,runtime_seconds
46975302291393,0,g3060,2026-02-01T08:58:17.945316,2026-02-01T08:58:44.138141,26.19
subject_id,split_no,hostname,start_time,end_time,runtime_seconds
62692215849422,0,g3060,2026-02-01T08:58:44.143851,2026-02-01T08:59:09.209524,25.07
subject_id,split_no,hostname,start_time,end_time,runtime_seconds
84541548076919,0,g3060,2026-02-01T08:59:09.214796,2026-02-01T08:59:32.484586,23.27
subject_id,split_no,hostname,start_time,end_time,runtime_seconds
BraTS-GLI-00116-000,0,g3060,2026-02-01T08:59:32.489757,2026-02-01T08:59:59.687153,27.20
subject_id,split_no,hostname,start_time,end_time,runtime_seconds
10114964023436,1,g3071,2026-02-01T09:00:33.274999,2026-02-01T09:02:30.117395,116.84
subject_id,split_no,hostname,start_time,end_time,runtime_seconds
12266467217442,1,g3071,2026-02-01T09:02:30.137037,2026-02-01T09:03:02.471355,32.33
subject_id,split_no,hostname,start_time,end_time,runtime_seconds
13982414451514,1,g3071,2026-02-01T09:03:02.475089,2026-02-01T09:03:37.495058,35.02
subject_id,split_no,hostname,start_time,end_time,runtime_seconds
16375427841703,1,g3071,2026-02-01T09:03:37.501616,2026-02-01T09:04:13.144456,35.64
subject_id,split_no,hostname,start_time,end_time,runtime_seconds
17262617574870,1,g3071,2026-02-01T09:04:13.150999,2026-02-01T09:04:45.919819,32.77
subject_id,split_no,hostname,start_time,end_time,runtime_seconds
18197100217970,1,g3071,2026-02-01T09:04:45.923435,2026-02-01T09:05:25.364557,39.44
subject_id,split_no,hostname,start_time,end_time,runtime_seconds
20227712453519,1,g3071,2026-02-01T09:05:25.400401,2026-02-01T09:05:57.425139,32.02
subject_id,split_no,hostname,start_time,end_time,runtime_seconds
21912957831748,1,g3071,2026-02-01T09:05:57.449456,2026-02-01T09:06:40.187624,42.74
subject_id,split_no,hostname,start_time,end_time,runtime_seconds
22783198456254,1,g3071,2026-02-01T09:06:40.191250,2026-02-01T09:07:17.045120,36.85
subject_id,split_no,hostname,start_time,end_time,runtime_seconds
24551911631824,1,g3071,2026-02-01T09:07:17.051752,2026-02-01T09:08:05.195148,48.14
subject_id,split_no,hostname,start_time,end_time,runtime_seconds
26833157256271,1,g3071,2026-02-01T09:08:05.199742,2026-02-01T09:08:55.744137,50.54
subject_id,split_no,hostname,start_time,end_time,runtime_seconds
27896086573534,1,g3071,2026-02-01T09:08:55.751007,2026-02-01T09:09:37.537800,41.79
subject_id,split_no,hostname,start_time,end_time,runtime_seconds
30223399781499,1,g3071,2026-02-01T09:09:37.545135,2026-02-01T09:10:10.778268,33.23
subject_id,split_no,hostname,start_time,end_time,runtime_seconds
31351035633578,1,g3071,2026-02-01T09:10:10.782330,2026-02-01T09:10:55.036328,44.25
subject_id,split_no,hostname,start_time,end_time,runtime_seconds
33660050820860,1,g3071,2026-02-01T09:10:55.043131,2026-02-01T09:11:29.038736,34.00
subject_id,split_no,hostname,start_time,end_time,runtime_seconds
40517844001162,1,g3071,2026-02-01T09:11:29.045830,2026-02-01T09:12:01.111555,32.07
subject_id,split_no,hostname,start_time,end_time,runtime_seconds
47982566359889,1,g3071,2026-02-01T09:12:01.115659,2026-02-01T09:12:34.009932,32.89
subject_id,split_no,hostname,start_time,end_time,runtime_seconds
65715967822251,1,g3071,2026-02-01T09:12:34.016592,2026-02-01T09:13:12.116263,38.10
subject_id,split_no,hostname,start_time,end_time,runtime_seconds
84898953059284,1,g3071,2026-02-01T09:13:12.120197,2026-02-01T09:13:46.573896,34.45
subject_id,split_no,hostname,start_time,end_time,runtime_seconds
BraTS-GLI-00203-000,1,g3071,2026-02-01T09:13:46.581058,2026-02-01T09:14:20.839946,34.26
subject_id,split_no,hostname,start_time,end_time,runtime_seconds
10244062723965,2,g3060,2026-02-01T09:15:07.941078,2026-02-01T09:16:08.787072,60.85
subject_id,split_no,hostname,start_time,end_time,runtime_seconds
12295585158434,2,g3060,2026-02-01T09:16:08.808872,2026-02-01T09:16:37.837122,29.03
subject_id,split_no,hostname,start_time,end_time,runtime_seconds
14125911381782,2,g3060,2026-02-01T09:16:37.842544,2026-02-01T09:17:03.919127,26.08
subject_id,split_no,hostname,start_time,end_time,runtime_seconds
16580717943140,2,g3060,2026-02-01T09:17:03.923119,2026-02-01T09:17:28.893997,24.97
subject_id,split_no,hostname,start_time,end_time,runtime_seconds
17393945148956,2,g3060,2026-02-01T09:17:28.899183,2026-02-01T09:17:55.807476,26.91
subject_id,split_no,hostname,start_time,end_time,runtime_seconds
18587545975395,2,g3060,2026-02-01T09:17:55.812479,2026-02-01T09:18:32.619029,36.81
subject_id,split_no,hostname,start_time,end_time,runtime_seconds
20567292369503,2,g3060,2026-02-01T09:18:32.624376,2026-02-01T09:19:01.199206,28.57
subject_id,split_no,hostname,start_time,end_time,runtime_seconds
22029752470512,2,g3060,2026-02-01T09:19:01.204337,2026-02-01T09:19:25.283659,24.08
subject_id,split_no,hostname,start_time,end_time,runtime_seconds
23148363972280,2,g3060,2026-02-01T09:19:25.306505,2026-02-01T09:19:48.316980,23.01
subject_id,split_no,hostname,start_time,end_time,runtime_seconds
24626801357217,2,g3060,2026-02-01T09:19:48.321983,2026-02-01T09:20:15.199209,26.88
subject_id,split_no,hostname,start_time,end_time,runtime_seconds
26858321694770,2,g3060,2026-02-01T09:20:15.204005,2026-02-01T09:20:44.355294,29.15
subject_id,split_no,hostname,start_time,end_time,runtime_seconds
27900479268080,2,g3060,2026-02-01T09:20:44.360228,2026-02-01T09:21:08.359684,24.00
subject_id,split_no,hostname,start_time,end_time,runtime_seconds
30249571217369,2,g3060,2026-02-01T09:21:08.364342,2026-02-01T09:21:38.714911,30.35
subject_id,split_no,hostname,start_time,end_time,runtime_seconds
31513092502755,2,g3060,2026-02-01T09:21:38.716996,2026-02-01T09:22:18.605075,39.89
subject_id,split_no,hostname,start_time,end_time,runtime_seconds
33690685722826,2,g3060,2026-02-01T09:22:18.625479,2026-02-01T09:22:41.159467,22.53
subject_id,split_no,hostname,start_time,end_time,runtime_seconds
40655222067688,2,g3060,2026-02-01T09:22:41.165461,2026-02-01T09:23:09.877199,28.71
subject_id,split_no,hostname,start_time,end_time,runtime_seconds
48239930456278,2,g3060,2026-02-01T09:23:09.882614,2026-02-01T09:23:35.512159,25.63
subject_id,split_no,hostname,start_time,end_time,runtime_seconds
70763336732891,2,g3060,2026-02-01T09:23:35.516959,2026-02-01T09:24:00.750858,25.23
subject_id,split_no,hostname,start_time,end_time,runtime_seconds
86479430180778,2,g3060,2026-02-01T09:24:00.753191,2026-02-01T09:24:22.873180,22.12
subject_id,split_no,hostname,start_time,end_time,runtime_seconds
10398309591377,3,g3071,2026-02-01T09:25:12.171522,2026-02-01T09:26:13.107294,60.94
subject_id,split_no,hostname,start_time,end_time,runtime_seconds
12483336067346,3,g3071,2026-02-01T09:26:13.130804,2026-02-01T09:26:46.591129,33.46
subject_id,split_no,hostname,start_time,end_time,runtime_seconds
14762184019761,3,g3071,2026-02-01T09:26:46.598454,2026-02-01T09:27:24.872255,38.27
subject_id,split_no,hostname,start_time,end_time,runtime_seconds
16596482480503,3,g3071,2026-02-01T09:27:24.876228,2026-02-01T09:28:07.093132,42.22
subject_id,split_no,hostname,start_time,end_time,runtime_seconds
17438703990611,3,g3071,2026-02-01T09:28:07.097372,2026-02-01T09:28:42.390722,35.29
subject_id,split_no,hostname,start_time,end_time,runtime_seconds
18593047283669,3,g3071,2026-02-01T09:28:42.396200,2026-02-01T09:29:18.287446,35.89
subject_id,split_no,hostname,start_time,end_time,runtime_seconds
20753900311247,3,g3071,2026-02-01T09:29:18.295010,2026-02-01T09:29:58.744926,40.45
subject_id,split_no,hostname,start_time,end_time,runtime_seconds
22222013311100,3,g3071,2026-02-01T09:29:58.749565,2026-02-01T09:30:42.534003,43.78
subject_id,split_no,hostname,start_time,end_time,runtime_seconds
23218855559881,3,g3071,2026-02-01T09:30:42.540799,2026-02-01T09:31:25.549618,43.01
subject_id,split_no,hostname,start_time,end_time,runtime_seconds
25097313172624,3,g3071,2026-02-01T09:31:25.554781,2026-02-01T09:32:06.971646,41.42
subject_id,split_no,hostname,start_time,end_time,runtime_seconds
26893343487601,3,g3071,2026-02-01T09:32:06.976580,2026-02-01T09:32:41.957607,34.98
subject_id,split_no,hostname,start_time,end_time,runtime_seconds
27983637270581,3,g3071,2026-02-01T09:32:41.962503,2026-02-01T09:33:14.110851,32.15
subject_id,split_no,hostname,start_time,end_time,runtime_seconds
30287088240713,3,g3071,2026-02-01T09:33:14.116437,2026-02-01T09:33:45.389788,31.27
subject_id,split_no,hostname,start_time,end_time,runtime_seconds
31587484358496,3,g3071,2026-02-01T09:33:45.394934,2026-02-01T09:34:27.213692,41.82
subject_id,split_no,hostname,start_time,end_time,runtime_seconds
33718969393831,3,g3071,2026-02-01T09:34:27.219647,2026-02-01T09:35:01.249052,34.03
subject_id,split_no,hostname,start_time,end_time,runtime_seconds
41466768058195,3,g3071,2026-02-01T09:35:01.254228,2026-02-01T09:35:35.946420,34.69
subject_id,split_no,hostname,start_time,end_time,runtime_seconds
49244676843532,3,g3071,2026-02-01T09:35:35.951644,2026-02-01T09:36:10.214552,34.26
subject_id,split_no,hostname,start_time,end_time,runtime_seconds
71849017280872,3,g3071,2026-02-01T09:36:10.220075,2026-02-01T09:36:46.624817,36.40
subject_id,split_no,hostname,start_time,end_time,runtime_seconds
86494014107780,3,g3071,2026-02-01T09:36:46.629883,2026-02-01T09:37:21.922159,35.29
subject_id,split_no,hostname,start_time,end_time,runtime_seconds
10429562789336,4,g3060,2026-02-01T09:37:47.883406,2026-02-01T09:38:43.988409,56.11
subject_id,split_no,hostname,start_time,end_time,runtime_seconds
12603555538074,4,g3060,2026-02-01T09:38:44.006725,2026-02-01T09:39:12.783358,28.78
subject_id,split_no,hostname,start_time,end_time,runtime_seconds
14922568896202,4,g3060,2026-02-01T09:39:12.789780,2026-02-01T09:39:42.927120,30.14
subject_id,split_no,hostname,start_time,end_time,runtime_seconds
16635154909336,4,g3060,2026-02-01T09:39:42.953273,2026-02-01T09:40:09.682757,26.73
subject_id,split_no,hostname,start_time,end_time,runtime_seconds
17473147525541,4,g3060,2026-02-01T09:40:09.690507,2026-02-01T09:40:33.717941,24.03
subject_id,split_no,hostname,start_time,end_time,runtime_seconds
18656989117944,4,g3060,2026-02-01T09:40:33.721872,2026-02-01T09:40:58.366301,24.64
subject_id,split_no,hostname,start_time,end_time,runtime_seconds
20802163963645,4,g3060,2026-02-01T09:40:58.372603,2026-02-01T09:41:20.445058,22.07
subject_id,split_no,hostname,start_time,end_time,runtime_seconds
22340848740056,4,g3060,2026-02-01T09:41:20.452400,2026-02-01T09:41:50.063643,29.61
subject_id,split_no,hostname,start_time,end_time,runtime_seconds
23274951412464,4,g3060,2026-02-01T09:41:50.070330,2026-02-01T09:42:20.892461,30.82
subject_id,split_no,hostname,start_time,end_time,runtime_seconds
25242073263098,4,g3060,2026-02-01T09:42:20.899660,2026-02-01T09:42:46.711441,25.81
subject_id,split_no,hostname,start_time,end_time,runtime_seconds
27006137583344,4,g3060,2026-02-01T09:42:46.715431,2026-02-01T09:43:15.295021,28.58
subject_id,split_no,hostname,start_time,end_time,runtime_seconds
28181545952203,4,g3060,2026-02-01T09:43:15.302338,2026-02-01T09:43:39.145576,23.84
subject_id,split_no,hostname,start_time,end_time,runtime_seconds
30390669934425,4,g3060,2026-02-01T09:43:39.150984,2026-02-01T09:43:59.504029,20.35
subject_id,split_no,hostname,start_time,end_time,runtime_seconds
31641093204866,4,g3060,2026-02-01T09:43:59.509295,2026-02-01T09:44:21.934158,22.42
subject_id,split_no,hostname,start_time,end_time,runtime_seconds
33752435803828,4,g3060,2026-02-01T09:44:21.941301,2026-02-01T09:44:50.406784,28.47
subject_id,split_no,hostname,start_time,end_time,runtime_seconds
43717166913394,4,g3060,2026-02-01T09:44:50.411797,2026-02-01T09:45:19.219046,28.81
subject_id,split_no,hostname,start_time,end_time,runtime_seconds
50276292875695,4,g3060,2026-02-01T09:45:19.225358,2026-02-01T09:45:53.483196,34.26
subject_id,split_no,hostname,start_time,end_time,runtime_seconds
76084158638666,4,g3060,2026-02-01T09:45:53.489483,2026-02-01T09:46:26.758791,33.27
subject_id,split_no,hostname,start_time,end_time,runtime_seconds
88701623027519,4,g3060,2026-02-01T09:46:26.764460,2026-02-01T09:46:51.582542,24.82
subject_id,split_no,hostname,start_time,end_time,runtime_seconds
10441917611067,5,g3071,2026-02-01T09:47:28.295734,2026-02-01T09:48:34.504914,66.21
subject_id,split_no,hostname,start_time,end_time,runtime_seconds
12610730367854,5,g3071,2026-02-01T09:48:34.522279,2026-02-01T09:48:59.408290,24.89
subject_id,split_no,hostname,start_time,end_time,runtime_seconds
14938670040464,5,g3071,2026-02-01T09:48:59.412801,2026-02-01T09:49:32.848908,33.44
subject_id,split_no,hostname,start_time,end_time,runtime_seconds
16741868665515,5,g3071,2026-02-01T09:49:32.850644,2026-02-01T09:50:10.568796,37.72
subject_id,split_no,hostname,start_time,end_time,runtime_seconds
17508842326859,5,g3071,2026-02-01T09:50:10.572560,2026-02-01T09:50:40.134127,29.56
subject_id,split_no,hostname,start_time,end_time,runtime_seconds
18859300738112,5,g3071,2026-02-01T09:50:40.136348,2026-02-01T09:51:10.947069,30.81
subject_id,split_no,hostname,start_time,end_time,runtime_seconds
20928443018612,5,g3071,2026-02-01T09:51:10.952125,2026-02-01T09:51:48.913368,37.96
subject_id,split_no,hostname,start_time,end_time,runtime_seconds
22478736382873,5,g3071,2026-02-01T09:51:48.918256,2026-02-01T09:52:25.182307,36.26
subject_id,split_no,hostname,start_time,end_time,runtime_seconds
23281773745711,5,g3071,2026-02-01T09:52:25.186848,2026-02-01T09:52:59.273232,34.09
subject_id,split_no,hostname,start_time,end_time,runtime_seconds
25310981994593,5,g3071,2026-02-01T09:52:59.277902,2026-02-01T09:53:31.159049,31.88
subject_id,split_no,hostname,start_time,end_time,runtime_seconds
27091259602746,5,g3071,2026-02-01T09:53:31.161505,2026-02-01T09:54:04.043509,32.88
subject_id,split_no,hostname,start_time,end_time,runtime_seconds
28597611781685,5,g3071,2026-02-01T09:54:04.063977,2026-02-01T09:54:39.010285,34.95
subject_id,split_no,hostname,start_time,end_time,runtime_seconds
30501682770038,5,g3071,2026-02-01T09:54:39.028093,2026-02-01T09:55:05.187347,26.16
subject_id,split_no,hostname,start_time,end_time,runtime_seconds
32001092620149,5,g3071,2026-02-01T09:55:05.189978,2026-02-01T09:55:40.815762,35.63
subject_id,split_no,hostname,start_time,end_time,runtime_seconds
35918397061286,5,g3071,2026-02-01T09:55:40.820577,2026-02-01T09:56:10.944566,30.12
subject_id,split_no,hostname,start_time,end_time,runtime_seconds
45203724572086,5,g3071,2026-02-01T09:56:10.949530,2026-02-01T09:56:44.907672,33.96
subject_id,split_no,hostname,start_time,end_time,runtime_seconds
57059342504789,5,g3071,2026-02-01T09:56:44.912787,2026-02-01T09:57:12.900518,27.99
subject_id,split_no,hostname,start_time,end_time,runtime_seconds
76811337679033,5,g3071,2026-02-01T09:57:12.902511,2026-02-01T09:57:52.015678,39.11
subject_id,split_no,hostname,start_time,end_time,runtime_seconds
88976336920958,5,g3071,2026-02-01T09:57:52.020364,2026-02-01T09:58:23.737569,31.72
subject_id,split_no,hostname,start_time,end_time,runtime_seconds
11495363861930,6,g3060,2026-02-01T09:58:57.364414,2026-02-01T09:59:50.275052,52.91
subject_id,split_no,hostname,start_time,end_time,runtime_seconds
12672270699804,6,g3060,2026-02-01T09:59:50.290630,2026-02-01T10:00:21.443010,31.15
subject_id,split_no,hostname,start_time,end_time,runtime_seconds
15668000246431,6,g3060,2026-02-01T10:00:21.446362,2026-02-01T10:00:46.661454,25.22
subject_id,split_no,hostname,start_time,end_time,runtime_seconds
16841296268084,6,g3060,2026-02-01T10:00:46.668166,2026-02-01T10:01:08.840066,22.17
subject_id,split_no,hostname,start_time,end_time,runtime_seconds
17641413509638,6,g3060,2026-02-01T10:01:08.859011,2026-02-01T10:01:34.706870,25.85
subject_id,split_no,hostname,start_time,end_time,runtime_seconds
18900019516078,6,g3060,2026-02-01T10:01:34.713214,2026-02-01T10:01:58.167068,23.45
subject_id,split_no,hostname,start_time,end_time,runtime_seconds
21543361887748,6,g3060,2026-02-01T10:01:58.173772,2026-02-01T10:02:23.386582,25.21
subject_id,split_no,hostname,start_time,end_time,runtime_seconds
22513869714470,6,g3060,2026-02-01T10:02:23.391070,2026-02-01T10:02:58.614939,35.22
subject_id,split_no,hostname,start_time,end_time,runtime_seconds
23517767890026,6,g3060,2026-02-01T10:02:58.618711,2026-02-01T10:03:24.484304,25.87
subject_id,split_no,hostname,start_time,end_time,runtime_seconds
25325158121363,6,g3060,2026-02-01T10:03:24.491029,2026-02-01T10:03:50.908075,26.42
subject_id,split_no,hostname,start_time,end_time,runtime_seconds
27148952284995,6,g3060,2026-02-01T10:03:50.914409,2026-02-01T10:04:22.014007,31.10
subject_id,split_no,hostname,start_time,end_time,runtime_seconds
28777808709070,6,g3060,2026-02-01T10:04:22.020479,2026-02-01T10:04:52.846040,30.83
subject_id,split_no,hostname,start_time,end_time,runtime_seconds
30650427919742,6,g3060,2026-02-01T10:04:52.852557,2026-02-01T10:05:16.696081,23.84
subject_id,split_no,hostname,start_time,end_time,runtime_seconds
32187582546363,6,g3060,2026-02-01T10:05:16.704231,2026-02-01T10:05:42.594067,25.89
subject_id,split_no,hostname,start_time,end_time,runtime_seconds
36201305796834,6,g3060,2026-02-01T10:05:42.596438,2026-02-01T10:06:11.198872,28.60
subject_id,split_no,hostname,start_time,end_time,runtime_seconds
45305246589934,6,g3060,2026-02-01T10:06:11.201202,2026-02-01T10:06:37.455978,26.25
subject_id,split_no,hostname,start_time,end_time,runtime_seconds
59243724971828,6,g3060,2026-02-01T10:06:37.460812,2026-02-01T10:07:00.476518,23.02
subject_id,split_no,hostname,start_time,end_time,runtime_seconds
77553978098979,6,g3060,2026-02-01T10:07:00.481665,2026-02-01T10:07:29.223029,28.74
subject_id,split_no,hostname,start_time,end_time,runtime_seconds
89573218664301,6,g3060,2026-02-01T10:07:29.225431,2026-02-01T10:07:54.954709,25.73
subject_id,split_no,hostname,start_time,end_time,runtime_seconds
11793095403620,7,g3071,2026-02-01T10:08:37.511381,2026-02-01T10:09:39.683278,62.17
subject_id,split_no,hostname,start_time,end_time,runtime_seconds
12685165126954,7,g3071,2026-02-01T10:09:39.716541,2026-02-01T10:10:23.386368,43.67
subject_id,split_no,hostname,start_time,end_time,runtime_seconds
15937880385805,7,g3071,2026-02-01T10:10:23.391317,2026-02-01T10:10:57.319065,33.93
subject_id,split_no,hostname,start_time,end_time,runtime_seconds
16886552183776,7,g3071,2026-02-01T10:10:57.322944,2026-02-01T10:11:28.726435,31.40
subject_id,split_no,hostname,start_time,end_time,runtime_seconds
17816672235957,7,g3071,2026-02-01T10:11:28.732935,2026-02-01T10:12:05.512216,36.78
subject_id,split_no,hostname,start_time,end_time,runtime_seconds
19173649379441,7,g3071,2026-02-01T10:12:05.516860,2026-02-01T10:12:37.826459,32.31
subject_id,split_no,hostname,start_time,end_time,runtime_seconds
21761046488110,7,g3071,2026-02-01T10:12:37.830940,2026-02-01T10:13:10.645540,32.81
subject_id,split_no,hostname,start_time,end_time,runtime_seconds
22649012359469,7,g3071,2026-02-01T10:13:10.650036,2026-02-01T10:13:48.029140,37.38
subject_id,split_no,hostname,start_time,end_time,runtime_seconds
23560806231745,7,g3071,2026-02-01T10:13:48.036625,2026-02-01T10:14:27.606451,39.57
subject_id,split_no,hostname,start_time,end_time,runtime_seconds
25549124438619,7,g3071,2026-02-01T10:14:27.610258,2026-02-01T10:15:06.214364,38.60
subject_id,split_no,hostname,start_time,end_time,runtime_seconds
27493821342368,7,g3071,2026-02-01T10:15:06.217864,2026-02-01T10:15:47.072003,40.85
subject_id,split_no,hostname,start_time,end_time,runtime_seconds
28993716581161,7,g3071,2026-02-01T10:15:47.078564,2026-02-01T10:16:24.172956,37.09
subject_id,split_no,hostname,start_time,end_time,runtime_seconds
30718077526767,7,g3071,2026-02-01T10:16:24.176828,2026-02-01T10:17:02.562772,38.39
subject_id,split_no,hostname,start_time,end_time,runtime_seconds
32226512142846,7,g3071,2026-02-01T10:17:02.569297,2026-02-01T10:17:45.334188,42.76
subject_id,split_no,hostname,start_time,end_time,runtime_seconds
36361143111330,7,g3071,2026-02-01T10:17:45.341013,2026-02-01T10:18:17.010308,31.67
subject_id,split_no,hostname,start_time,end_time,runtime_seconds
45379130198598,7,g3071,2026-02-01T10:18:17.029329,2026-02-01T10:18:52.046805,35.02
subject_id,split_no,hostname,start_time,end_time,runtime_seconds
59499886691466,7,g3071,2026-02-01T10:18:52.051400,2026-02-01T10:19:31.192901,39.14
subject_id,split_no,hostname,start_time,end_time,runtime_seconds
78826126469594,7,g3071,2026-02-01T10:19:31.199417,2026-02-01T10:20:04.417018,33.22
subject_id,split_no,hostname,start_time,end_time,runtime_seconds
90024861092544,7,g3071,2026-02-01T10:20:04.420926,2026-02-01T10:20:41.872596,37.45
subject_id,split_no,hostname,start_time,end_time,runtime_seconds
11868547770861,8,g3060,2026-02-01T10:21:06.544020,2026-02-01T10:22:07.176880,60.63
subject_id,split_no,hostname,start_time,end_time,runtime_seconds
13022952193695,8,g3060,2026-02-01T10:22:07.193534,2026-02-01T10:22:33.402082,26.21
subject_id,split_no,hostname,start_time,end_time,runtime_seconds
16058787153001,8,g3060,2026-02-01T10:22:33.407889,2026-02-01T10:22:58.559722,25.15
subject_id,split_no,hostname,start_time,end_time,runtime_seconds
16926185273548,8,g3060,2026-02-01T10:22:58.564654,2026-02-01T10:23:35.795500,37.23
subject_id,split_no,hostname,start_time,end_time,runtime_seconds
17927755785666,8,g3060,2026-02-01T10:23:35.800154,2026-02-01T10:24:02.335328,26.54
subject_id,split_no,hostname,start_time,end_time,runtime_seconds
19216744737641,8,g3060,2026-02-01T10:24:02.340330,2026-02-01T10:24:25.485775,23.15
subject_id,split_no,hostname,start_time,end_time,runtime_seconds
21802600731288,8,g3060,2026-02-01T10:24:25.490608,2026-02-01T10:24:43.973063,18.48
subject_id,split_no,hostname,start_time,end_time,runtime_seconds
22654131857264,8,g3060,2026-02-01T10:24:43.977853,2026-02-01T10:25:23.650437,39.67
subject_id,split_no,hostname,start_time,end_time,runtime_seconds
24081053373989,8,g3060,2026-02-01T10:25:23.652501,2026-02-01T10:25:50.433660,26.78
subject_id,split_no,hostname,start_time,end_time,runtime_seconds
25571147667431,8,g3060,2026-02-01T10:25:50.451086,2026-02-01T10:26:15.517337,25.07
subject_id,split_no,hostname,start_time,end_time,runtime_seconds
27573818526654,8,g3060,2026-02-01T10:26:15.523504,2026-02-01T10:26:38.544069,23.02
subject_id,split_no,hostname,start_time,end_time,runtime_seconds
29164716624643,8,g3060,2026-02-01T10:26:38.559273,2026-02-01T10:27:05.037954,26.48
subject_id,split_no,hostname,start_time,end_time,runtime_seconds
30773833734707,8,g3060,2026-02-01T10:27:05.043509,2026-02-01T10:27:32.809177,27.77
subject_id,split_no,hostname,start_time,end_time,runtime_seconds
32535921321911,8,g3060,2026-02-01T10:27:32.814313,2026-02-01T10:27:58.961897,26.15
subject_id,split_no,hostname,start_time,end_time,runtime_seconds
36377400251983,8,g3060,2026-02-01T10:27:58.967365,2026-02-01T10:28:22.220102,23.25
subject_id,split_no,hostname,start_time,end_time,runtime_seconds
45519297964635,8,g3060,2026-02-01T10:28:22.225058,2026-02-01T10:28:49.142365,26.92
subject_id,split_no,hostname,start_time,end_time,runtime_seconds
59945412009507,8,g3060,2026-02-01T10:28:49.147604,2026-02-01T10:29:13.369097,24.22
subject_id,split_no,hostname,start_time,end_time,runtime_seconds
79138744870647,8,g3060,2026-02-01T10:29:13.374055,2026-02-01T10:29:43.483346,30.11
subject_id,split_no,hostname,start_time,end_time,runtime_seconds
93491128291443,8,g3060,2026-02-01T10:29:43.485748,2026-02-01T10:30:06.750002,23.26
subject_id,split_no,hostname,start_time,end_time,runtime_seconds
11961775761525,9,g3071,2026-02-01T10:30:37.715025,2026-02-01T10:31:49.551293,71.84
subject_id,split_no,hostname,start_time,end_time,runtime_seconds
13215970035309,9,g3071,2026-02-01T10:31:49.574262,2026-02-01T10:32:15.046901,25.47
subject_id,split_no,hostname,start_time,end_time,runtime_seconds
16228664760455,9,g3071,2026-02-01T10:32:15.050997,2026-02-01T10:32:46.325795,31.27
subject_id,split_no,hostname,start_time,end_time,runtime_seconds
17101939938068,9,g3071,2026-02-01T10:32:46.330099,2026-02-01T10:33:15.656987,29.33
subject_id,split_no,hostname,start_time,end_time,runtime_seconds
18178570365313,9,g3071,2026-02-01T10:33:15.663916,2026-02-01T10:33:45.677643,30.01
subject_id,split_no,hostname,start_time,end_time,runtime_seconds
19247185345726,9,g3071,2026-02-01T10:33:45.681713,2026-02-01T10:34:16.682290,31.00
subject_id,split_no,hostname,start_time,end_time,runtime_seconds
21845623478439,9,g3071,2026-02-01T10:34:16.689443,2026-02-01T10:34:40.507817,23.82
subject_id,split_no,hostname,start_time,end_time,runtime_seconds
22734740452340,9,g3071,2026-02-01T10:34:40.514587,2026-02-01T10:35:12.789405,32.27
subject_id,split_no,hostname,start_time,end_time,runtime_seconds
24218688635597,9,g3071,2026-02-01T10:35:12.841505,2026-02-01T10:35:52.380007,39.54
subject_id,split_no,hostname,start_time,end_time,runtime_seconds
25639609314537,9,g3071,2026-02-01T10:35:52.383768,2026-02-01T10:36:19.906344,27.52
subject_id,split_no,hostname,start_time,end_time,runtime_seconds
27688522025372,9,g3071,2026-02-01T10:36:19.914724,2026-02-01T10:36:45.577110,25.66
subject_id,split_no,hostname,start_time,end_time,runtime_seconds
29626022997414,9,g3071,2026-02-01T10:36:45.581534,2026-02-01T10:37:16.266237,30.68
subject_id,split_no,hostname,start_time,end_time,runtime_seconds
30809796368199,9,g3071,2026-02-01T10:37:16.273996,2026-02-01T10:37:45.900815,29.63
subject_id,split_no,hostname,start_time,end_time,runtime_seconds
32767378073475,9,g3071,2026-02-01T10:37:45.905749,2026-02-01T10:38:15.980723,30.07
subject_id,split_no,hostname,start_time,end_time,runtime_seconds
38673156607957,9,g3071,2026-02-01T10:38:15.986955,2026-02-01T10:38:50.329095,34.34
subject_id,split_no,hostname,start_time,end_time,runtime_seconds
46240253759706,9,g3071,2026-02-01T10:38:50.331210,2026-02-01T10:39:24.154503,33.82
subject_id,split_no,hostname,start_time,end_time,runtime_seconds
62146545467058,9,g3071,2026-02-01T10:39:24.156555,2026-02-01T10:39:52.889436,28.73
subject_id,split_no,hostname,start_time,end_time,runtime_seconds
82298679836592,9,g3071,2026-02-01T10:39:52.918888,2026-02-01T10:40:15.343422,22.42
subject_id,split_no,hostname,start_time,end_time,runtime_seconds
99542841613815,9,g3071,2026-02-01T10:40:15.345868,2026-02-01T10:40:44.752152,29.41
subject_id,split_no,hostname,start_time,end_time,runtime_seconds
10064774423088,0,g3063,2026-02-01T22:39:37.865836,2026-02-01T22:40:01.200391,23.33
subject_id,split_no,hostname,start_time,end_time,runtime_seconds
10114964023436,0,g3063,2026-02-01T22:40:01.229513,2026-02-01T22:40:11.047239,9.82
subject_id,split_no,hostname,start_time,end_time,runtime_seconds
10244062723965,0,g3063,2026-02-01T22:40:11.053980,2026-02-01T22:40:22.992606,11.94
subject_id,split_no,hostname,start_time,end_time,runtime_seconds
10398309591377,0,g3063,2026-02-01T22:40:22.999592,2026-02-01T22:40:32.741309,9.74
subject_id,split_no,hostname,start_time,end_time,runtime_seconds
10429562789336,0,g3063,2026-02-01T22:40:32.747126,2026-02-01T22:40:43.892975,11.15
subject_id,split_no,hostname,start_time,end_time,runtime_seconds
10441917611067,0,g3063,2026-02-01T22:40:43.897607,2026-02-01T22:40:57.809842,13.91
subject_id,split_no,hostname,start_time,end_time,runtime_seconds
11495363861930,0,g3063,2026-02-01T22:40:57.816494,2026-02-01T22:41:08.113805,10.30
subject_id,split_no,hostname,start_time,end_time,runtime_seconds
11793095403620,0,g3063,2026-02-01T22:41:08.122796,2026-02-01T22:41:18.474322,10.35
subject_id,split_no,hostname,start_time,end_time,runtime_seconds
11868547770861,0,g3063,2026-02-01T22:41:18.481200,2026-02-01T22:41:31.574949,13.09
subject_id,split_no,hostname,start_time,end_time,runtime_seconds
11961775761525,0,g3063,2026-02-01T22:41:31.605211,2026-02-01T22:41:45.534820,13.93
subject_id,split_no,hostname,start_time,end_time,runtime_seconds
12167198495341,0,g3063,2026-02-01T22:41:45.541197,2026-02-01T22:41:55.766106,10.22
subject_id,split_no,hostname,start_time,end_time,runtime_seconds
12266467217442,0,g3063,2026-02-01T22:41:55.772435,2026-02-01T22:42:06.060261,10.29
subject_id,split_no,hostname,start_time,end_time,runtime_seconds
12295585158434,0,g3063,2026-02-01T22:42:06.067218,2026-02-01T22:42:18.472907,12.41
subject_id,split_no,hostname,start_time,end_time,runtime_seconds
12483336067346,0,g3063,2026-02-01T22:42:18.476447,2026-02-01T22:42:29.072814,10.60
subject_id,split_no,hostname,start_time,end_time,runtime_seconds
12603555538074,0,g3063,2026-02-01T22:42:29.077370,2026-02-01T22:42:40.208838,11.13
subject_id,split_no,hostname,start_time,end_time,runtime_seconds
12610730367854,0,g3063,2026-02-01T22:42:40.213535,2026-02-01T22:42:50.224811,10.01
subject_id,split_no,hostname,start_time,end_time,runtime_seconds
12672270699804,0,g3063,2026-02-01T22:42:50.231496,2026-02-01T22:43:01.410420,11.18
subject_id,split_no,hostname,start_time,end_time,runtime_seconds
12685165126954,0,g3063,2026-02-01T22:43:01.417338,2026-02-01T22:43:13.972029,12.55
subject_id,split_no,hostname,start_time,end_time,runtime_seconds
13022952193695,0,g3063,2026-02-01T22:43:13.978659,2026-02-01T22:43:24.731473,10.75
subject_id,split_no,hostname,start_time,end_time,runtime_seconds
13215970035309,0,g3063,2026-02-01T22:43:24.736085,2026-02-01T22:43:34.839064,10.10
subject_id,split_no,hostname,start_time,end_time,runtime_seconds
13799268563035,0,g3063,2026-02-01T22:43:34.845517,2026-02-01T22:43:45.057259,10.21
subject_id,split_no,hostname,start_time,end_time,runtime_seconds
13982414451514,0,g3063,2026-02-01T22:43:45.061453,2026-02-01T22:43:55.443257,10.38
subject_id,split_no,hostname,start_time,end_time,runtime_seconds
14125911381782,0,g3063,2026-02-01T22:43:55.450420,2026-02-01T22:44:46.692915,51.24
subject_id,split_no,hostname,start_time,end_time,runtime_seconds
14762184019761,0,g3063,2026-02-01T22:44:46.704098,2026-02-01T22:45:02.463494,15.76
subject_id,split_no,hostname,start_time,end_time,runtime_seconds
14922568896202,0,g3063,2026-02-01T22:45:02.470638,2026-02-01T22:45:12.706093,10.24
subject_id,split_no,hostname,start_time,end_time,runtime_seconds
14938670040464,0,g3063,2026-02-01T22:45:12.727535,2026-02-01T22:45:26.901380,14.17
subject_id,split_no,hostname,start_time,end_time,runtime_seconds
15668000246431,0,g3063,2026-02-01T22:45:26.908650,2026-02-01T22:45:36.918180,10.01
subject_id,split_no,hostname,start_time,end_time,runtime_seconds
15937880385805,0,g3063,2026-02-01T22:45:36.926185,2026-02-01T22:45:46.864222,9.94
subject_id,split_no,hostname,start_time,end_time,runtime_seconds
16058787153001,0,g3063,2026-02-01T22:45:46.868974,2026-02-01T22:45:57.045519,10.18
subject_id,split_no,hostname,start_time,end_time,runtime_seconds
16228664760455,0,g3063,2026-02-01T22:45:57.049577,2026-02-01T22:46:07.159922,10.11
subject_id,split_no,hostname,start_time,end_time,runtime_seconds
16339919319697,0,g3063,2026-02-01T22:46:07.163519,2026-02-01T22:46:21.342053,14.18
subject_id,split_no,hostname,start_time,end_time,runtime_seconds
16375427841703,0,g3063,2026-02-01T22:46:21.346010,2026-02-01T22:46:48.869990,27.52
subject_id,split_no,hostname,start_time,end_time,runtime_seconds
16580717943140,0,g3063,2026-02-01T22:46:48.876193,2026-02-01T22:46:58.642166,9.77
subject_id,split_no,hostname,start_time,end_time,runtime_seconds
16596482480503,0,g3063,2026-02-01T22:46:58.646897,2026-02-01T22:47:11.122250,12.48
subject_id,split_no,hostname,start_time,end_time,runtime_seconds
16635154909336,0,g3063,2026-02-01T22:47:11.127332,2026-02-01T22:47:21.705620,10.58
subject_id,split_no,hostname,start_time,end_time,runtime_seconds
16741868665515,0,g3063,2026-02-01T22:47:21.707396,2026-02-01T22:47:36.609270,14.90
subject_id,split_no,hostname,start_time,end_time,runtime_seconds
16841296268084,0,g3063,2026-02-01T22:47:36.614657,2026-02-01T22:47:46.628185,10.01
subject_id,split_no,hostname,start_time,end_time,runtime_seconds
16886552183776,0,g3063,2026-02-01T22:47:46.633225,2026-02-01T22:47:56.579444,9.95
subject_id,split_no,hostname,start_time,end_time,runtime_seconds
16926185273548,0,g3063,2026-02-01T22:47:56.584531,2026-02-01T22:48:10.606054,14.02
subject_id,split_no,hostname,start_time,end_time,runtime_seconds
17101939938068,0,g3063,2026-02-01T22:48:10.610802,2026-02-01T22:48:21.926536,11.32
subject_id,split_no,hostname,start_time,end_time,runtime_seconds
17236206359109,0,g3063,2026-02-01T22:48:21.930923,2026-02-01T22:48:33.249242,11.32
subject_id,split_no,hostname,start_time,end_time,runtime_seconds
17262617574870,0,g3063,2026-02-01T22:48:33.254291,2026-02-01T22:48:43.237431,9.98
subject_id,split_no,hostname,start_time,end_time,runtime_seconds
17393945148956,0,g3063,2026-02-01T22:48:43.242280,2026-02-01T22:48:54.372290,11.13
subject_id,split_no,hostname,start_time,end_time,runtime_seconds
17438703990611,0,g3063,2026-02-01T22:48:54.374845,2026-02-01T22:49:05.163149,10.79
subject_id,split_no,hostname,start_time,end_time,runtime_seconds
17473147525541,0,g3063,2026-02-01T22:49:05.168226,2026-02-01T22:49:15.901897,10.73
subject_id,split_no,hostname,start_time,end_time,runtime_seconds
17508842326859,0,g3063,2026-02-01T22:49:15.906613,2026-02-01T22:49:26.252211,10.35
subject_id,split_no,hostname,start_time,end_time,runtime_seconds
17641413509638,0,g3063,2026-02-01T22:49:26.257108,2026-02-01T22:49:37.968243,11.71
subject_id,split_no,hostname,start_time,end_time,runtime_seconds
17816672235957,0,g3063,2026-02-01T22:49:37.973528,2026-02-01T22:49:48.874875,10.90
subject_id,split_no,hostname,start_time,end_time,runtime_seconds
17927755785666,0,g3063,2026-02-01T22:49:48.879643,2026-02-01T22:49:58.780978,9.90
subject_id,split_no,hostname,start_time,end_time,runtime_seconds
18178570365313,0,g3063,2026-02-01T22:49:58.785683,2026-02-01T22:50:09.033530,10.25
subject_id,split_no,hostname,start_time,end_time,runtime_seconds
18188206483800,0,g3063,2026-02-01T22:50:09.038253,2026-02-01T22:50:38.205489,29.17
subject_id,split_no,hostname,start_time,end_time,runtime_seconds
18197100217970,0,g3063,2026-02-01T22:50:38.210895,2026-02-01T22:50:49.488720,11.28
subject_id,split_no,hostname,start_time,end_time,runtime_seconds
18587545975395,0,g3063,2026-02-01T22:50:49.493777,2026-02-01T22:51:03.900674,14.41
subject_id,split_no,hostname,start_time,end_time,runtime_seconds
18593047283669,0,g3063,2026-02-01T22:51:03.923613,2026-02-01T22:51:15.003940,11.08
subject_id,split_no,hostname,start_time,end_time,runtime_seconds
18656989117944,0,g3063,2026-02-01T22:51:15.006363,2026-02-01T22:51:25.177685,10.17
subject_id,split_no,hostname,start_time,end_time,runtime_seconds
18859300738112,0,g3063,2026-02-01T22:51:25.180586,2026-02-01T22:51:36.144718,10.96
subject_id,split_no,hostname,start_time,end_time,runtime_seconds
18900019516078,0,g3063,2026-02-01T22:51:36.149807,2026-02-01T22:51:47.437593,11.29
subject_id,split_no,hostname,start_time,end_time,runtime_seconds
19173649379441,0,g3063,2026-02-01T22:51:47.442581,2026-02-01T22:52:13.554730,26.11
subject_id,split_no,hostname,start_time,end_time,runtime_seconds
19216744737641,0,g3063,2026-02-01T22:52:13.556627,2026-02-01T22:52:23.568323,10.01
subject_id,split_no,hostname,start_time,end_time,runtime_seconds
19247185345726,0,g3063,2026-02-01T22:52:23.573467,2026-02-01T22:52:33.550182,9.98
subject_id,split_no,hostname,start_time,end_time,runtime_seconds
19515069348763,0,g3063,2026-02-01T22:52:33.555552,2026-02-01T22:52:45.898556,12.34
subject_id,split_no,hostname,start_time,end_time,runtime_seconds
20227712453519,0,g3063,2026-02-01T22:52:45.903828,2026-02-01T22:52:55.840561,9.94
subject_id,split_no,hostname,start_time,end_time,runtime_seconds
20567292369503,0,g3063,2026-02-01T22:52:55.845235,2026-02-01T22:53:06.657668,10.81
subject_id,split_no,hostname,start_time,end_time,runtime_seconds
20753900311247,0,g3063,2026-02-01T22:53:06.662449,2026-02-01T22:53:20.942635,14.28
subject_id,split_no,hostname,start_time,end_time,runtime_seconds
20802163963645,0,g3063,2026-02-01T22:53:20.947846,2026-02-01T22:53:31.192290,10.24
subject_id,split_no,hostname,start_time,end_time,runtime_seconds
20928443018612,0,g3063,2026-02-01T22:53:31.194557,2026-02-01T22:53:59.927503,28.73
subject_id,split_no,hostname,start_time,end_time,runtime_seconds
21543361887748,0,g3063,2026-02-01T22:53:59.932512,2026-02-01T22:54:09.940848,10.01
subject_id,split_no,hostname,start_time,end_time,runtime_seconds
21761046488110,0,g3063,2026-02-01T22:54:09.943070,2026-02-01T22:54:20.106463,10.16
subject_id,split_no,hostname,start_time,end_time,runtime_seconds
21802600731288,0,g3063,2026-02-01T22:54:20.111671,2026-02-01T22:54:30.125809,10.01
subject_id,split_no,hostname,start_time,end_time,runtime_seconds
21845623478439,0,g3063,2026-02-01T22:54:30.127736,2026-02-01T22:54:40.134697,10.01
subject_id,split_no,hostname,start_time,end_time,runtime_seconds
21909463934838,0,g3063,2026-02-01T22:54:40.139902,2026-02-01T22:54:52.607280,12.47
subject_id,split_no,hostname,start_time,end_time,runtime_seconds
21912957831748,0,g3063,2026-02-01T22:54:52.611791,2026-02-01T22:55:05.958115,13.35
subject_id,split_no,hostname,start_time,end_time,runtime_seconds
22029752470512,0,g3063,2026-02-01T22:55:05.965513,2026-02-01T22:55:18.600895,12.64
subject_id,split_no,hostname,start_time,end_time,runtime_seconds
22222013311100,0,g3063,2026-02-01T22:55:18.606335,2026-02-01T22:55:30.564037,11.96
subject_id,split_no,hostname,start_time,end_time,runtime_seconds
22340848740056,0,g3063,2026-02-01T22:55:30.570211,2026-02-01T22:55:44.387995,13.82
subject_id,split_no,hostname,start_time,end_time,runtime_seconds
22478736382873,0,g3063,2026-02-01T22:55:44.392942,2026-02-01T22:55:55.595492,11.20
subject_id,split_no,hostname,start_time,end_time,runtime_seconds
22513869714470,0,g3063,2026-02-01T22:55:55.600665,2026-02-01T22:56:08.713232,13.11
subject_id,split_no,hostname,start_time,end_time,runtime_seconds
22649012359469,0,g3063,2026-02-01T22:56:08.718477,2026-02-01T22:56:18.817129,10.10
subject_id,split_no,hostname,start_time,end_time,runtime_seconds
22654131857264,0,g3063,2026-02-01T22:56:18.916068,2026-02-01T22:56:57.691247,38.78
subject_id,split_no,hostname,start_time,end_time,runtime_seconds
22734740452340,0,g3063,2026-02-01T22:56:57.693405,2026-02-01T22:57:09.282949,11.59
subject_id,split_no,hostname,start_time,end_time,runtime_seconds
22739958691056,0,g3063,2026-02-01T22:57:09.297897,2026-02-01T22:57:19.091061,9.79
subject_id,split_no,hostname,start_time,end_time,runtime_seconds
22783198456254,0,g3063,2026-02-01T22:57:19.096561,2026-02-01T22:57:32.964744,13.87
subject_id,split_no,hostname,start_time,end_time,runtime_seconds
23148363972280,0,g3063,2026-02-01T22:57:32.969762,2026-02-01T22:57:44.037037,11.07
subject_id,split_no,hostname,start_time,end_time,runtime_seconds
23218855559881,0,g3063,2026-02-01T22:57:44.038916,2026-02-01T22:57:55.979424,11.94
subject_id,split_no,hostname,start_time,end_time,runtime_seconds
23274951412464,0,g3063,2026-02-01T22:57:55.985554,2026-02-01T22:58:08.088872,12.10
subject_id,split_no,hostname,start_time,end_time,runtime_seconds
23281773745711,0,g3063,2026-02-01T22:58:08.093861,2026-02-01T22:58:18.009077,9.92
subject_id,split_no,hostname,start_time,end_time,runtime_seconds
23517767890026,0,g3063,2026-02-01T22:58:18.013822,2026-02-01T22:58:28.525760,10.51
subject_id,split_no,hostname,start_time,end_time,runtime_seconds
23560806231745,0,g3063,2026-02-01T22:58:28.531143,2026-02-01T22:58:40.071437,11.54
subject_id,split_no,hostname,start_time,end_time,runtime_seconds
24081053373989,0,g3063,2026-02-01T22:58:40.076146,2026-02-01T22:58:51.950771,11.87
subject_id,split_no,hostname,start_time,end_time,runtime_seconds
24218688635597,0,g3063,2026-02-01T22:58:51.953479,2026-02-01T22:59:07.053313,15.10
subject_id,split_no,hostname,start_time,end_time,runtime_seconds
24429041449362,0,g3063,2026-02-01T22:59:07.057943,2026-02-01T22:59:17.633984,10.58
subject_id,split_no,hostname,start_time,end_time,runtime_seconds
24551911631824,0,g3063,2026-02-01T22:59:17.636398,2026-02-01T22:59:33.330791,15.69
subject_id,split_no,hostname,start_time,end_time,runtime_seconds
24626801357217,0,g3063,2026-02-01T22:59:33.333417,2026-02-01T22:59:45.396109,12.06
subject_id,split_no,hostname,start_time,end_time,runtime_seconds
25097313172624,0,g3063,2026-02-01T22:59:45.400467,2026-02-01T22:59:59.837157,14.44
subject_id,split_no,hostname,start_time,end_time,runtime_seconds
25242073263098,0,g3063,2026-02-01T22:59:59.842378,2026-02-01T23:00:09.988815,10.15
subject_id,split_no,hostname,start_time,end_time,runtime_seconds
25310981994593,0,g3063,2026-02-01T23:00:09.991607,2026-02-01T23:00:21.040211,11.05
subject_id,split_no,hostname,start_time,end_time,runtime_seconds
25325158121363,0,g3063,2026-02-01T23:00:21.042523,2026-02-01T23:00:31.817201,10.77
subject_id,split_no,hostname,start_time,end_time,runtime_seconds
25549124438619,0,g3063,2026-02-01T23:00:31.822057,2026-02-01T23:00:44.131296,12.31
subject_id,split_no,hostname,start_time,end_time,runtime_seconds
25571147667431,0,g3063,2026-02-01T23:00:44.133344,2026-02-01T23:00:54.921905,10.79
subject_id,split_no,hostname,start_time,end_time,runtime_seconds
25639609314537,0,g3063,2026-02-01T23:00:54.926591,2026-02-01T23:01:05.337721,10.41
subject_id,split_no,hostname,start_time,end_time,runtime_seconds
26098224140177,0,g3063,2026-02-01T23:01:05.343307,2026-02-01T23:01:15.870705,10.53
subject_id,split_no,hostname,start_time,end_time,runtime_seconds
26833157256271,0,g3063,2026-02-01T23:01:15.884676,2026-02-01T23:01:29.098887,13.21
subject_id,split_no,hostname,start_time,end_time,runtime_seconds
26858321694770,0,g3063,2026-02-01T23:01:29.101716,2026-02-01T23:01:40.337016,11.24
subject_id,split_no,hostname,start_time,end_time,runtime_seconds
26893343487601,0,g3063,2026-02-01T23:01:40.341677,2026-02-01T23:01:53.035714,12.69
subject_id,split_no,hostname,start_time,end_time,runtime_seconds
27006137583344,0,g3063,2026-02-01T23:01:53.040964,2026-02-01T23:02:04.528672,11.49
subject_id,split_no,hostname,start_time,end_time,runtime_seconds
27091259602746,0,g3063,2026-02-01T23:02:04.533518,2026-02-01T23:02:16.890838,12.36
subject_id,split_no,hostname,start_time,end_time,runtime_seconds
27148952284995,0,g3063,2026-02-01T23:02:16.896391,2026-02-01T23:02:28.216178,11.32
subject_id,split_no,hostname,start_time,end_time,runtime_seconds
27493821342368,0,g3063,2026-02-01T23:02:28.269106,2026-02-01T23:02:42.882824,14.61
subject_id,split_no,hostname,start_time,end_time,runtime_seconds
27573818526654,0,g3063,2026-02-01T23:02:42.921009,2026-02-01T23:02:53.347997,10.43
subject_id,split_no,hostname,start_time,end_time,runtime_seconds
27688522025372,0,g3063,2026-02-01T23:02:53.354195,2026-02-01T23:03:04.925316,11.57
subject_id,split_no,hostname,start_time,end_time,runtime_seconds
27756622012770,0,g3063,2026-02-01T23:03:04.927847,2026-02-01T23:03:16.337419,11.41
subject_id,split_no,hostname,start_time,end_time,runtime_seconds
27896086573534,0,g3063,2026-02-01T23:03:16.340110,2026-02-01T23:03:27.550669,11.21
subject_id,split_no,hostname,start_time,end_time,runtime_seconds
27900479268080,0,g3063,2026-02-01T23:03:27.556862,2026-02-01T23:03:37.554054,10.00
subject_id,split_no,hostname,start_time,end_time,runtime_seconds
27983637270581,0,g3063,2026-02-01T23:03:37.555939,2026-02-01T23:03:48.034651,10.48
subject_id,split_no,hostname,start_time,end_time,runtime_seconds
28181545952203,0,g3063,2026-02-01T23:03:48.036797,2026-02-01T23:03:58.383029,10.35
subject_id,split_no,hostname,start_time,end_time,runtime_seconds
28597611781685,0,g3063,2026-02-01T23:03:58.385269,2026-02-01T23:04:11.957701,13.57
subject_id,split_no,hostname,start_time,end_time,runtime_seconds
28777808709070,0,g3063,2026-02-01T23:04:11.960194,2026-02-01T23:04:24.183959,12.22
subject_id,split_no,hostname,start_time,end_time,runtime_seconds
28993716581161,0,g3063,2026-02-01T23:04:24.188425,2026-02-01T23:04:35.300726,11.11
subject_id,split_no,hostname,start_time,end_time,runtime_seconds
29164716624643,0,g3063,2026-02-01T23:04:35.306033,2026-02-01T23:04:46.929551,11.62
subject_id,split_no,hostname,start_time,end_time,runtime_seconds
29626022997414,0,g3063,2026-02-01T23:04:46.934445,2026-02-01T23:04:57.414719,10.48
subject_id,split_no,hostname,start_time,end_time,runtime_seconds
29906987659391,0,g3063,2026-02-01T23:04:57.420135,2026-02-01T23:05:09.112104,11.69
subject_id,split_no,hostname,start_time,end_time,runtime_seconds
30223399781499,0,g3063,2026-02-01T23:05:09.118024,2026-02-01T23:05:18.966244,9.85
subject_id,split_no,hostname,start_time,end_time,runtime_seconds
30249571217369,0,g3063,2026-02-01T23:05:18.971362,2026-02-01T23:05:31.654738,12.68
subject_id,split_no,hostname,start_time,end_time,runtime_seconds
30287088240713,0,g3063,2026-02-01T23:05:31.659780,2026-02-01T23:05:41.666624,10.01
subject_id,split_no,hostname,start_time,end_time,runtime_seconds
30390669934425,0,g3063,2026-02-01T23:05:41.668693,2026-02-01T23:05:51.664604,10.00
subject_id,split_no,hostname,start_time,end_time,runtime_seconds
30501682770038,0,g3063,2026-02-01T23:05:51.669512,2026-02-01T23:06:01.952549,10.28
subject_id,split_no,hostname,start_time,end_time,runtime_seconds
30650427919742,0,g3063,2026-02-01T23:06:01.957675,2026-02-01T23:06:12.012122,10.05
subject_id,split_no,hostname,start_time,end_time,runtime_seconds
30718077526767,0,g3063,2026-02-01T23:06:12.016659,2026-02-01T23:06:23.273059,11.26
subject_id,split_no,hostname,start_time,end_time,runtime_seconds
30773833734707,0,g3063,2026-02-01T23:06:23.276115,2026-02-01T23:06:34.274256,11.00
subject_id,split_no,hostname,start_time,end_time,runtime_seconds
30809796368199,0,g3063,2026-02-01T23:06:34.277008,2026-02-01T23:06:44.552245,10.28
subject_id,split_no,hostname,start_time,end_time,runtime_seconds
31106616463767,0,g3063,2026-02-01T23:06:44.556897,2026-02-01T23:06:58.975270,14.42
subject_id,split_no,hostname,start_time,end_time,runtime_seconds
31351035633578,0,g3063,2026-02-01T23:06:58.980339,2026-02-01T23:07:11.117947,12.14
subject_id,split_no,hostname,start_time,end_time,runtime_seconds
31513092502755,0,g3063,2026-02-01T23:07:11.123184,2026-02-01T23:07:27.156289,16.03
subject_id,split_no,hostname,start_time,end_time,runtime_seconds
31587484358496,0,g3063,2026-02-01T23:07:27.161139,2026-02-01T23:07:40.667334,13.51
subject_id,split_no,hostname,start_time,end_time,runtime_seconds
31641093204866,0,g3063,2026-02-01T23:07:40.669054,2026-02-01T23:07:50.878603,10.21
subject_id,split_no,hostname,start_time,end_time,runtime_seconds
32001092620149,0,g3063,2026-02-01T23:07:50.896004,2026-02-01T23:09:01.993326,71.10
subject_id,split_no,hostname,start_time,end_time,runtime_seconds
32187582546363,0,g3063,2026-02-01T23:09:02.002838,2026-02-01T23:09:36.429315,34.43
subject_id,split_no,hostname,start_time,end_time,runtime_seconds
32226512142846,0,g3063,2026-02-01T23:09:36.434390,2026-02-01T23:10:08.977628,32.54
subject_id,split_no,hostname,start_time,end_time,runtime_seconds
32535921321911,0,g3063,2026-02-01T23:10:08.982853,2026-02-01T23:10:38.629490,29.65
subject_id,split_no,hostname,start_time,end_time,runtime_seconds
32767378073475,0,g3063,2026-02-01T23:10:38.632206,2026-02-01T23:11:08.601422,29.97
subject_id,split_no,hostname,start_time,end_time,runtime_seconds
33518721637620,0,g3063,2026-02-01T23:11:08.606624,2026-02-01T23:11:31.306079,22.70
subject_id,split_no,hostname,start_time,end_time,runtime_seconds
33660050820860,0,g3063,2026-02-01T23:11:31.310919,2026-02-01T23:11:58.857511,27.55
subject_id,split_no,hostname,start_time,end_time,runtime_seconds
33690685722826,0,g3063,2026-02-01T23:11:58.862492,2026-02-01T23:12:20.165728,21.30
subject_id,split_no,hostname,start_time,end_time,runtime_seconds
33718969393831,0,g3063,2026-02-01T23:12:20.171221,2026-02-01T23:12:30.269794,10.10
subject_id,split_no,hostname,start_time,end_time,runtime_seconds
33752435803828,0,g3063,2026-02-01T23:12:30.272272,2026-02-01T23:12:40.820548,10.55
subject_id,split_no,hostname,start_time,end_time,runtime_seconds
35918397061286,0,g3063,2026-02-01T23:12:40.825925,2026-02-01T23:12:52.013522,11.19
subject_id,split_no,hostname,start_time,end_time,runtime_seconds
36201305796834,0,g3063,2026-02-01T23:12:52.018515,2026-02-01T23:13:02.473218,10.45
subject_id,split_no,hostname,start_time,end_time,runtime_seconds
36361143111330,0,g3063,2026-02-01T23:13:02.478090,2026-02-01T23:13:12.890595,10.41
subject_id,split_no,hostname,start_time,end_time,runtime_seconds
36377400251983,0,g3063,2026-02-01T23:13:12.896163,2026-02-01T23:13:44.575229,31.68
subject_id,split_no,hostname,start_time,end_time,runtime_seconds
38673156607957,0,g3063,2026-02-01T23:13:44.577797,2026-02-01T23:13:57.497220,12.92
subject_id,split_no,hostname,start_time,end_time,runtime_seconds
40378064041205,0,g3063,2026-02-01T23:13:57.502696,2026-02-01T23:14:10.263594,12.76
subject_id,split_no,hostname,start_time,end_time,runtime_seconds
40517844001162,0,g3063,2026-02-01T23:14:10.269096,2026-02-01T23:14:20.841682,10.57
subject_id,split_no,hostname,start_time,end_time,runtime_seconds
40655222067688,0,g3063,2026-02-01T23:14:20.846679,2026-02-01T23:14:48.197322,27.35
subject_id,split_no,hostname,start_time,end_time,runtime_seconds
41466768058195,0,g3063,2026-02-01T23:14:48.202455,2026-02-01T23:14:59.055691,10.85
subject_id,split_no,hostname,start_time,end_time,runtime_seconds
43717166913394,0,g3063,2026-02-01T23:14:59.059600,2026-02-01T23:15:09.926918,10.87
subject_id,split_no,hostname,start_time,end_time,runtime_seconds
45203724572086,0,g3063,2026-02-01T23:15:09.932395,2026-02-01T23:15:22.120067,12.19
subject_id,split_no,hostname,start_time,end_time,runtime_seconds
45305246589934,0,g3063,2026-02-01T23:15:22.125294,2026-02-01T23:15:32.836140,10.71
subject_id,split_no,hostname,start_time,end_time,runtime_seconds
45379130198598,0,g3063,2026-02-01T23:15:32.867244,2026-02-01T23:15:42.892005,10.02
subject_id,split_no,hostname,start_time,end_time,runtime_seconds
45519297964635,0,g3063,2026-02-01T23:15:42.894081,2026-02-01T23:15:53.972822,11.08
subject_id,split_no,hostname,start_time,end_time,runtime_seconds
46240253759706,0,g3063,2026-02-01T23:15:53.974946,2026-02-01T23:16:05.875298,11.90
subject_id,split_no,hostname,start_time,end_time,runtime_seconds
46975302291393,0,g3063,2026-02-01T23:16:05.877432,2026-02-01T23:16:16.879902,11.00
subject_id,split_no,hostname,start_time,end_time,runtime_seconds
47982566359889,0,g3063,2026-02-01T23:16:16.881986,2026-02-01T23:16:45.013746,28.13
subject_id,split_no,hostname,start_time,end_time,runtime_seconds
48239930456278,0,g3063,2026-02-01T23:16:45.023463,2026-02-01T23:16:55.619996,10.60
subject_id,split_no,hostname,start_time,end_time,runtime_seconds
49244676843532,0,g3063,2026-02-01T23:16:55.625258,2026-02-01T23:17:06.251387,10.63
subject_id,split_no,hostname,start_time,end_time,runtime_seconds
50276292875695,0,g3063,2026-02-01T23:17:06.258586,2026-02-01T23:17:20.005064,13.75
subject_id,split_no,hostname,start_time,end_time,runtime_seconds
57059342504789,0,g3063,2026-02-01T23:17:20.008849,2026-02-01T23:17:30.927915,10.92
subject_id,split_no,hostname,start_time,end_time,runtime_seconds
59243724971828,0,g3063,2026-02-01T23:17:30.933330,2026-02-01T23:17:41.098380,10.17
subject_id,split_no,hostname,start_time,end_time,runtime_seconds
59499886691466,0,g3063,2026-02-01T23:17:41.101550,2026-02-01T23:17:53.882025,12.78
subject_id,split_no,hostname,start_time,end_time,runtime_seconds
59945412009507,0,g3063,2026-02-01T23:17:53.887146,2026-02-01T23:18:06.526765,12.64
subject_id,split_no,hostname,start_time,end_time,runtime_seconds
62146545467058,0,g3063,2026-02-01T23:18:06.529640,2026-02-01T23:18:16.934272,10.40
subject_id,split_no,hostname,start_time,end_time,runtime_seconds
62692215849422,0,g3063,2026-02-01T23:18:16.938923,2026-02-01T23:18:26.981890,10.04
subject_id,split_no,hostname,start_time,end_time,runtime_seconds
65715967822251,0,g3063,2026-02-01T23:18:26.984619,2026-02-01T23:18:37.427247,10.44
subject_id,split_no,hostname,start_time,end_time,runtime_seconds
70763336732891,0,g3063,2026-02-01T23:18:37.429264,2026-02-01T23:18:48.870196,11.44
subject_id,split_no,hostname,start_time,end_time,runtime_seconds
71849017280872,0,g3063,2026-02-01T23:18:48.872374,2026-02-01T23:19:01.398747,12.53
subject_id,split_no,hostname,start_time,end_time,runtime_seconds
76084158638666,0,g3063,2026-02-01T23:19:01.405818,2026-02-01T23:19:14.006550,12.60
subject_id,split_no,hostname,start_time,end_time,runtime_seconds
76811337679033,0,g3063,2026-02-01T23:19:14.008469,2026-02-01T23:19:29.280020,15.27
subject_id,split_no,hostname,start_time,end_time,runtime_seconds
77553978098979,0,g3063,2026-02-01T23:19:29.281849,2026-02-01T23:19:40.270002,10.99
subject_id,split_no,hostname,start_time,end_time,runtime_seconds
78826126469594,0,g3063,2026-02-01T23:19:40.276219,2026-02-01T23:19:50.270343,9.99
subject_id,split_no,hostname,start_time,end_time,runtime_seconds
79138744870647,0,g3063,2026-02-01T23:19:50.275328,2026-02-01T23:20:02.781613,12.51
subject_id,split_no,hostname,start_time,end_time,runtime_seconds
82298679836592,0,g3063,2026-02-01T23:20:02.786813,2026-02-01T23:20:12.790998,10.00
subject_id,split_no,hostname,start_time,end_time,runtime_seconds
84541548076919,0,g3063,2026-02-01T23:20:12.793565,2026-02-01T23:20:22.879135,10.09
subject_id,split_no,hostname,start_time,end_time,runtime_seconds
84898953059284,0,g3063,2026-02-01T23:20:22.884271,2026-02-01T23:20:34.202652,11.32
subject_id,split_no,hostname,start_time,end_time,runtime_seconds
86479430180778,0,g3063,2026-02-01T23:20:34.208477,2026-02-01T23:20:44.562121,10.35
subject_id,split_no,hostname,start_time,end_time,runtime_seconds
86494014107780,0,g3063,2026-02-01T23:20:44.564052,2026-02-01T23:20:55.874981,11.31
subject_id,split_no,hostname,start_time,end_time,runtime_seconds
88701623027519,0,g3063,2026-02-01T23:20:55.877168,2026-02-01T23:21:06.225086,10.35
subject_id,split_no,hostname,start_time,end_time,runtime_seconds
88976336920958,0,g3063,2026-02-01T23:21:06.227227,2026-02-01T23:21:17.160300,10.93
subject_id,split_no,hostname,start_time,end_time,runtime_seconds
89573218664301,0,g3063,2026-02-01T23:21:17.165136,2026-02-01T23:21:27.632834,10.47
subject_id,split_no,hostname,start_time,end_time,runtime_seconds
90024861092544,0,g3063,2026-02-01T23:21:27.638012,2026-02-01T23:21:38.684161,11.05
subject_id,split_no,hostname,start_time,end_time,runtime_seconds
93491128291443,0,g3063,2026-02-01T23:21:38.689156,2026-02-01T23:21:49.343971,10.65
subject_id,split_no,hostname,start_time,end_time,runtime_seconds
99542841613815,0,g3063,2026-02-01T23:21:49.382370,2026-02-01T23:22:01.154404,11.77
subject_id,split_no,hostname,start_time,end_time,runtime_seconds
BraTS-GLI-00116-000,0,g3063,2026-02-01T23:22:01.158827,2026-02-01T23:23:26.351647,85.19
subject_id,split_no,hostname,start_time,end_time,runtime_seconds
BraTS-GLI-00203-000,0,g3063,2026-02-01T23:23:26.373321,2026-02-01T23:24:23.844918,57.47
subject_id,split_no,hostname,start_time,end_time,runtime_seconds
10064774423088,0,g3071,2026-02-02T04:02:38.160089,2026-02-02T04:03:12.609561,34.45
subject_id,split_no,hostname,start_time,end_time,runtime_seconds
12167198495341,0,g3071,2026-02-02T04:03:12.639910,2026-02-02T04:03:30.331938,17.69
subject_id,split_no,hostname,start_time,end_time,runtime_seconds
10114964023436,1,g3062,2026-02-02T04:02:46.513744,2026-02-02T04:03:43.589342,57.08
subject_id,split_no,hostname,start_time,end_time,runtime_seconds
13799268563035,0,g3071,2026-02-02T04:03:30.340557,2026-02-02T04:03:49.498920,19.16
subject_id,split_no,hostname,start_time,end_time,runtime_seconds
12266467217442,1,g3062,2026-02-02T04:03:43.601951,2026-02-02T04:03:54.360319,10.76
subject_id,split_no,hostname,start_time,end_time,runtime_seconds
13982414451514,1,g3062,2026-02-02T04:03:54.379268,2026-02-02T04:04:05.062446,10.68
subject_id,split_no,hostname,start_time,end_time,runtime_seconds
16339919319697,0,g3071,2026-02-02T04:03:49.509502,2026-02-02T04:04:11.751833,22.24
subject_id,split_no,hostname,start_time,end_time,runtime_seconds
16375427841703,1,g3062,2026-02-02T04:04:05.069279,2026-02-02T04:04:15.531687,10.46
subject_id,split_no,hostname,start_time,end_time,runtime_seconds
10114964023436,1,g3042,2026-02-02T04:07:38.577100,2026-02-02T04:09:04.349958,85.77
subject_id,split_no,hostname,start_time,end_time,runtime_seconds
10064774423088,0,g3042,2026-02-02T04:07:38.577244,2026-02-02T04:09:13.383009,94.81
subject_id,split_no,hostname,start_time,end_time,runtime_seconds
12266467217442,1,g3042,2026-02-02T04:09:04.378558,2026-02-02T04:09:27.939785,23.56
subject_id,split_no,hostname,start_time,end_time,runtime_seconds
12167198495341,0,g3042,2026-02-02T04:09:13.391151,2026-02-02T04:09:39.398571,26.01
subject_id,split_no,hostname,start_time,end_time,runtime_seconds
13982414451514,1,g3042,2026-02-02T04:09:27.945624,2026-02-02T04:09:53.627408,25.68
subject_id,split_no,hostname,start_time,end_time,runtime_seconds
13799268563035,0,g3042,2026-02-02T04:09:39.406658,2026-02-02T04:10:08.674089,29.27
subject_id,split_no,hostname,start_time,end_time,runtime_seconds
16375427841703,1,g3042,2026-02-02T04:09:53.633359,2026-02-02T04:10:20.500081,26.87
subject_id,split_no,hostname,start_time,end_time,runtime_seconds
16339919319697,0,g3042,2026-02-02T04:10:08.679660,2026-02-02T04:10:38.108372,29.43
subject_id,split_no,hostname,start_time,end_time,runtime_seconds
17262617574870,1,g3042,2026-02-02T04:10:20.508868,2026-02-02T04:10:49.919836,29.41
subject_id,split_no,hostname,start_time,end_time,runtime_seconds
17236206359109,0,g3042,2026-02-02T04:10:38.113316,2026-02-02T04:11:04.277460,26.16
subject_id,split_no,hostname,start_time,end_time,runtime_seconds
18197100217970,1,g3042,2026-02-02T04:10:49.927365,2026-02-02T04:11:19.782451,29.86
subject_id,split_no,hostname,start_time,end_time,runtime_seconds
18188206483800,0,g3042,2026-02-02T04:11:04.285096,2026-02-02T04:11:36.256329,31.97
subject_id,split_no,hostname,start_time,end_time,runtime_seconds
20227712453519,1,g3042,2026-02-02T04:11:19.790240,2026-02-02T04:11:48.938302,29.15
subject_id,split_no,hostname,start_time,end_time,runtime_seconds
10114964023436,1,g3042,2026-02-02T04:12:33.208633,2026-02-02T04:12:43.480936,10.27
subject_id,split_no,hostname,start_time,end_time,runtime_seconds
10064774423088,0,g3042,2026-02-02T04:12:33.208764,2026-02-02T04:12:44.091605,10.88
subject_id,split_no,hostname,start_time,end_time,runtime_seconds
12266467217442,1,g3042,2026-02-02T04:12:43.488856,2026-02-02T04:12:53.815927,10.33
subject_id,split_no,hostname,start_time,end_time,runtime_seconds
12167198495341,0,g3042,2026-02-02T04:12:44.097212,2026-02-02T04:12:54.554174,10.46
subject_id,split_no,hostname,start_time,end_time,runtime_seconds
13982414451514,1,g3042,2026-02-02T04:12:53.823464,2026-02-02T04:13:04.157759,10.33
subject_id,split_no,hostname,start_time,end_time,runtime_seconds
13799268563035,0,g3042,2026-02-02T04:12:54.567415,2026-02-02T04:13:05.016635,10.45
subject_id,split_no,hostname,start_time,end_time,runtime_seconds
16375427841703,1,g3042,2026-02-02T04:13:04.163678,2026-02-02T04:13:14.095887,9.93
subject_id,split_no,hostname,start_time,end_time,runtime_seconds
16339919319697,0,g3042,2026-02-02T04:13:05.022653,2026-02-02T04:13:19.542322,14.52
subject_id,split_no,hostname,start_time,end_time,runtime_seconds
17262617574870,1,g3042,2026-02-02T04:13:14.103548,2026-02-02T04:13:23.938616,9.84
subject_id,split_no,hostname,start_time,end_time,runtime_seconds
17236206359109,0,g3042,2026-02-02T04:13:19.549400,2026-02-02T04:13:31.095418,11.55
subject_id,split_no,hostname,start_time,end_time,runtime_seconds
18197100217970,1,g3042,2026-02-02T04:13:23.941787,2026-02-02T04:13:34.878978,10.94
subject_id,split_no,hostname,start_time,end_time,runtime_seconds
18188206483800,0,g3042,2026-02-02T04:13:31.101176,2026-02-02T04:13:43.843167,12.74
subject_id,split_no,hostname,start_time,end_time,runtime_seconds
20227712453519,1,g3042,2026-02-02T04:13:34.884942,2026-02-02T04:13:44.665751,9.78
subject_id,split_no,hostname,start_time,end_time,runtime_seconds
10398309591377,3,g3060,2026-02-02T04:12:33.607746,2026-02-02T04:13:54.340738,80.73
subject_id,split_no,hostname,start_time,end_time,runtime_seconds
10429562789336,4,g3063,2026-02-02T04:12:33.607824,2026-02-02T04:14:00.505418,86.90
subject_id,split_no,hostname,start_time,end_time,runtime_seconds
10244062723965,2,g3044,2026-02-02T04:12:33.607906,2026-02-02T04:14:02.154584,88.55
subject_id,split_no,hostname,start_time,end_time,runtime_seconds
11961775761525,9,g3070,2026-02-02T04:12:33.608733,2026-02-02T04:14:05.416153,91.81
subject_id,split_no,hostname,start_time,end_time,runtime_seconds
12483336067346,3,g3060,2026-02-02T04:13:54.354567,2026-02-02T04:14:23.585225,29.23
subject_id,split_no,hostname,start_time,end_time,runtime_seconds
19515069348763,0,g3042,2026-02-02T04:13:43.846804,2026-02-02T04:14:26.593762,42.75
subject_id,split_no,hostname,start_time,end_time,runtime_seconds
12295585158434,2,g3044,2026-02-02T04:14:02.170194,2026-02-02T04:14:28.540129,26.37
subject_id,split_no,hostname,start_time,end_time,runtime_seconds
13215970035309,9,g3070,2026-02-02T04:14:05.430114,2026-02-02T04:14:31.167042,25.74
subject_id,split_no,hostname,start_time,end_time,runtime_seconds
21912957831748,1,g3042,2026-02-02T04:13:44.668397,2026-02-02T04:14:43.248275,58.58
subject_id,split_no,hostname,start_time,end_time,runtime_seconds
14762184019761,3,g3060,2026-02-02T04:14:23.613014,2026-02-02T04:14:51.733611,28.12
subject_id,split_no,hostname,start_time,end_time,runtime_seconds
14125911381782,2,g3044,2026-02-02T04:14:28.556840,2026-02-02T04:14:53.969906,25.41
subject_id,split_no,hostname,start_time,end_time,runtime_seconds
16228664760455,9,g3070,2026-02-02T04:14:31.178631,2026-02-02T04:14:54.796220,23.62
subject_id,split_no,hostname,start_time,end_time,runtime_seconds
21909463934838,0,g3042,2026-02-02T04:14:26.599820,2026-02-02T04:14:57.637760,31.04
subject_id,split_no,hostname,start_time,end_time,runtime_seconds
11793095403620,7,g3067,2026-02-02T04:13:09.199870,2026-02-02T04:15:05.426023,116.23
subject_id,split_no,hostname,start_time,end_time,runtime_seconds
22783198456254,1,g3042,2026-02-02T04:14:43.256367,2026-02-02T04:15:10.221560,26.97
subject_id,split_no,hostname,start_time,end_time,runtime_seconds
11495363861930,6,g3067,2026-02-02T04:13:14.134214,2026-02-02T04:15:16.457967,122.32
subject_id,split_no,hostname,start_time,end_time,runtime_seconds
16580717943140,2,g3044,2026-02-02T04:14:53.982981,2026-02-02T04:15:17.008227,23.03
subject_id,split_no,hostname,start_time,end_time,runtime_seconds
22739958691056,0,g3042,2026-02-02T04:14:57.645762,2026-02-02T04:15:19.897096,22.25
subject_id,split_no,hostname,start_time,end_time,runtime_seconds
17101939938068,9,g3070,2026-02-02T04:14:54.812665,2026-02-02T04:15:20.258664,25.45
subject_id,split_no,hostname,start_time,end_time,runtime_seconds
16596482480503,3,g3060,2026-02-02T04:14:51.744459,2026-02-02T04:15:24.033574,32.29
subject_id,split_no,hostname,start_time,end_time,runtime_seconds
11868547770861,8,g3067,2026-02-02T04:12:52.466138,2026-02-02T04:15:30.127762,157.66
subject_id,split_no,hostname,start_time,end_time,runtime_seconds
24551911631824,1,g3042,2026-02-02T04:15:10.229391,2026-02-02T04:15:41.040871,30.81
subject_id,split_no,hostname,start_time,end_time,runtime_seconds
17393945148956,2,g3044,2026-02-02T04:15:17.022689,2026-02-02T04:15:43.205313,26.18
subject_id,split_no,hostname,start_time,end_time,runtime_seconds
18178570365313,9,g3070,2026-02-02T04:15:20.273896,2026-02-02T04:15:46.125893,25.85
subject_id,split_no,hostname,start_time,end_time,runtime_seconds
10441917611067,5,g3067,2026-02-02T04:12:52.198361,2026-02-02T04:15:47.862169,175.66
subject_id,split_no,hostname,start_time,end_time,runtime_seconds
17438703990611,3,g3060,2026-02-02T04:15:24.045313,2026-02-02T04:15:52.408203,28.36
subject_id,split_no,hostname,start_time,end_time,runtime_seconds
24429041449362,0,g3042,2026-02-02T04:15:19.941967,2026-02-02T04:15:54.657255,34.72
subject_id,split_no,hostname,start_time,end_time,runtime_seconds
19247185345726,9,g3070,2026-02-02T04:15:46.134729,2026-02-02T04:16:06.665391,20.53
subject_id,split_no,hostname,start_time,end_time,runtime_seconds
12685165126954,7,g3067,2026-02-02T04:15:05.440102,2026-02-02T04:16:08.426517,62.99
subject_id,split_no,hostname,start_time,end_time,runtime_seconds
26833157256271,1,g3042,2026-02-02T04:15:41.049079,2026-02-02T04:16:09.817341,28.77
subject_id,split_no,hostname,start_time,end_time,runtime_seconds
18587545975395,2,g3044,2026-02-02T04:15:43.218956,2026-02-02T04:16:13.787506,30.57
subject_id,split_no,hostname,start_time,end_time,runtime_seconds
26098224140177,0,g3042,2026-02-02T04:15:54.662436,2026-02-02T04:16:20.523870,25.86
subject_id,split_no,hostname,start_time,end_time,runtime_seconds
18593047283669,3,g3060,2026-02-02T04:15:52.418799,2026-02-02T04:16:21.414206,29.00
subject_id,split_no,hostname,start_time,end_time,runtime_seconds
12672270699804,6,g3067,2026-02-02T04:15:16.468538,2026-02-02T04:16:25.194541,68.73
subject_id,split_no,hostname,start_time,end_time,runtime_seconds
21845623478439,9,g3070,2026-02-02T04:16:06.698859,2026-02-02T04:16:31.653077,24.95
subject_id,split_no,hostname,start_time,end_time,runtime_seconds
27896086573534,1,g3042,2026-02-02T04:16:09.826359,2026-02-02T04:16:34.539078,24.71
subject_id,split_no,hostname,start_time,end_time,runtime_seconds
13022952193695,8,g3067,2026-02-02T04:15:30.141552,2026-02-02T04:16:39.209875,69.07
subject_id,split_no,hostname,start_time,end_time,runtime_seconds
20567292369503,2,g3044,2026-02-02T04:16:13.796938,2026-02-02T04:16:41.810489,28.01
subject_id,split_no,hostname,start_time,end_time,runtime_seconds
27756622012770,0,g3042,2026-02-02T04:16:20.532333,2026-02-02T04:16:48.407286,27.87
subject_id,split_no,hostname,start_time,end_time,runtime_seconds
12610730367854,5,g3067,2026-02-02T04:15:47.870149,2026-02-02T04:16:51.042381,63.17
subject_id,split_no,hostname,start_time,end_time,runtime_seconds
20753900311247,3,g3060,2026-02-02T04:16:21.426869,2026-02-02T04:16:51.862797,30.44
subject_id,split_no,hostname,start_time,end_time,runtime_seconds
22734740452340,9,g3070,2026-02-02T04:16:31.665877,2026-02-02T04:16:56.966419,25.30
subject_id,split_no,hostname,start_time,end_time,runtime_seconds
30223399781499,1,g3042,2026-02-02T04:16:34.546058,2026-02-02T04:16:59.814018,25.27
subject_id,split_no,hostname,start_time,end_time,runtime_seconds
15937880385805,7,g3067,2026-02-02T04:16:08.437524,2026-02-02T04:17:02.809797,54.37
subject_id,split_no,hostname,start_time,end_time,runtime_seconds
22029752470512,2,g3044,2026-02-02T04:16:41.824381,2026-02-02T04:17:06.086470,24.26
subject_id,split_no,hostname,start_time,end_time,runtime_seconds
29906987659391,0,g3042,2026-02-02T04:16:48.412571,2026-02-02T04:17:12.325231,23.91
subject_id,split_no,hostname,start_time,end_time,runtime_seconds
15668000246431,6,g3067,2026-02-02T04:16:25.208430,2026-02-02T04:17:14.385012,49.18
subject_id,split_no,hostname,start_time,end_time,runtime_seconds
22222013311100,3,g3060,2026-02-02T04:16:51.876107,2026-02-02T04:17:17.253598,25.38
subject_id,split_no,hostname,start_time,end_time,runtime_seconds
31351035633578,1,g3042,2026-02-02T04:16:59.827250,2026-02-02T04:17:26.281856,26.45
subject_id,split_no,hostname,start_time,end_time,runtime_seconds
24218688635597,9,g3070,2026-02-02T04:16:56.978279,2026-02-02T04:17:29.691470,32.71
subject_id,split_no,hostname,start_time,end_time,runtime_seconds
23148363972280,2,g3044,2026-02-02T04:17:06.117767,2026-02-02T04:17:30.216541,24.10
subject_id,split_no,hostname,start_time,end_time,runtime_seconds
16058787153001,8,g3067,2026-02-02T04:16:39.223175,2026-02-02T04:17:30.857427,51.63
subject_id,split_no,hostname,start_time,end_time,runtime_seconds
31106616463767,0,g3042,2026-02-02T04:17:12.333783,2026-02-02T04:17:43.395875,31.06
subject_id,split_no,hostname,start_time,end_time,runtime_seconds
23218855559881,3,g3060,2026-02-02T04:17:17.263888,2026-02-02T04:17:44.659995,27.40
subject_id,split_no,hostname,start_time,end_time,runtime_seconds
14938670040464,5,g3067,2026-02-02T04:16:51.055800,2026-02-02T04:17:46.549974,55.49
subject_id,split_no,hostname,start_time,end_time,runtime_seconds
25639609314537,9,g3070,2026-02-02T04:17:29.707630,2026-02-02T04:17:54.814950,25.11
subject_id,split_no,hostname,start_time,end_time,runtime_seconds
33660050820860,1,g3042,2026-02-02T04:17:26.290651,2026-02-02T04:17:58.153539,31.86
subject_id,split_no,hostname,start_time,end_time,runtime_seconds
24626801357217,2,g3044,2026-02-02T04:17:30.229814,2026-02-02T04:17:58.307782,28.08
subject_id,split_no,hostname,start_time,end_time,runtime_seconds
16886552183776,7,g3067,2026-02-02T04:17:02.819860,2026-02-02T04:17:59.949255,57.13
subject_id,split_no,hostname,start_time,end_time,runtime_seconds
16841296268084,6,g3067,2026-02-02T04:17:14.440006,2026-02-02T04:18:10.754966,56.31
subject_id,split_no,hostname,start_time,end_time,runtime_seconds
33518721637620,0,g3042,2026-02-02T04:17:43.404179,2026-02-02T04:18:11.483846,28.08
subject_id,split_no,hostname,start_time,end_time,runtime_seconds
27688522025372,9,g3070,2026-02-02T04:17:54.824282,2026-02-02T04:18:19.817097,24.99
subject_id,split_no,hostname,start_time,end_time,runtime_seconds
25097313172624,3,g3060,2026-02-02T04:17:44.674933,2026-02-02T04:18:20.589124,35.91
subject_id,split_no,hostname,start_time,end_time,runtime_seconds
26858321694770,2,g3044,2026-02-02T04:17:58.316494,2026-02-02T04:18:25.726399,27.41
subject_id,split_no,hostname,start_time,end_time,runtime_seconds
40517844001162,1,g3042,2026-02-02T04:17:58.161571,2026-02-02T04:18:25.995536,27.83
subject_id,split_no,hostname,start_time,end_time,runtime_seconds
16926185273548,8,g3067,2026-02-02T04:17:30.870952,2026-02-02T04:18:26.114534,55.24
subject_id,split_no,hostname,start_time,end_time,runtime_seconds
40378064041205,0,g3042,2026-02-02T04:18:11.493457,2026-02-02T04:18:41.120450,29.63
subject_id,split_no,hostname,start_time,end_time,runtime_seconds
16741868665515,5,g3067,2026-02-02T04:17:46.568207,2026-02-02T04:18:41.487758,54.92
subject_id,split_no,hostname,start_time,end_time,runtime_seconds
27900479268080,2,g3044,2026-02-02T04:18:25.737155,2026-02-02T04:18:42.851994,17.11
subject_id,split_no,hostname,start_time,end_time,runtime_seconds
29626022997414,9,g3070,2026-02-02T04:18:19.830096,2026-02-02T04:18:46.279477,26.45
subject_id,split_no,hostname,start_time,end_time,runtime_seconds
26893343487601,3,g3060,2026-02-02T04:18:20.604414,2026-02-02T04:18:50.867026,30.26
subject_id,split_no,hostname,start_time,end_time,runtime_seconds
47982566359889,1,g3042,2026-02-02T04:18:26.003145,2026-02-02T04:18:54.074899,28.07
subject_id,split_no,hostname,start_time,end_time,runtime_seconds
17816672235957,7,g3067,2026-02-02T04:17:59.963764,2026-02-02T04:18:55.804209,55.84
subject_id,split_no,hostname,start_time,end_time,runtime_seconds
46975302291393,0,g3042,2026-02-02T04:18:41.145613,2026-02-02T04:19:06.730643,25.59
subject_id,split_no,hostname,start_time,end_time,runtime_seconds
17641413509638,6,g3067,2026-02-02T04:18:10.763830,2026-02-02T04:19:09.042007,58.28
subject_id,split_no,hostname,start_time,end_time,runtime_seconds
30249571217369,2,g3044,2026-02-02T04:18:42.868931,2026-02-02T04:19:11.344680,28.48
subject_id,split_no,hostname,start_time,end_time,runtime_seconds
30809796368199,9,g3070,2026-02-02T04:18:46.291792,2026-02-02T04:19:12.972701,26.68
subject_id,split_no,hostname,start_time,end_time,runtime_seconds
27983637270581,3,g3060,2026-02-02T04:18:50.881693,2026-02-02T04:19:13.202409,22.32
subject_id,split_no,hostname,start_time,end_time,runtime_seconds
65715967822251,1,g3042,2026-02-02T04:18:54.115385,2026-02-02T04:19:20.719419,26.60
subject_id,split_no,hostname,start_time,end_time,runtime_seconds
17927755785666,8,g3067,2026-02-02T04:18:26.126496,2026-02-02T04:19:21.645623,55.52
subject_id,split_no,hostname,start_time,end_time,runtime_seconds
62692215849422,0,g3042,2026-02-02T04:19:06.738979,2026-02-02T04:19:31.454739,24.72
subject_id,split_no,hostname,start_time,end_time,runtime_seconds
17508842326859,5,g3067,2026-02-02T04:18:41.507241,2026-02-02T04:19:33.462093,51.95
subject_id,split_no,hostname,start_time,end_time,runtime_seconds
30287088240713,3,g3060,2026-02-02T04:19:13.220508,2026-02-02T04:19:38.286812,25.07
subject_id,split_no,hostname,start_time,end_time,runtime_seconds
32767378073475,9,g3070,2026-02-02T04:19:12.992330,2026-02-02T04:19:40.578286,27.59
subject_id,split_no,hostname,start_time,end_time,runtime_seconds
10114964023436,1,g3042,2026-02-02T04:20:23.510973,2026-02-02T04:20:33.739145,10.23
subject_id,split_no,hostname,start_time,end_time,runtime_seconds
10064774423088,0,g3042,2026-02-02T04:20:23.510929,2026-02-02T04:20:34.142181,10.63
subject_id,split_no,hostname,start_time,end_time,runtime_seconds
11495363861930,6,g3063,2026-02-02T04:20:24.422159,2026-02-02T04:20:37.917912,13.50
subject_id,split_no,hostname,start_time,end_time,runtime_seconds
12266467217442,1,g3042,2026-02-02T04:20:33.768605,2026-02-02T04:20:44.206410,10.44
subject_id,split_no,hostname,start_time,end_time,runtime_seconds
12167198495341,0,g3042,2026-02-02T04:20:34.149065,2026-02-02T04:20:44.380065,10.23
subject_id,split_no,hostname,start_time,end_time,runtime_seconds
10441917611067,5,g3062,2026-02-02T04:20:24.433744,2026-02-02T04:20:47.052193,22.62
subject_id,split_no,hostname,start_time,end_time,runtime_seconds
12672270699804,6,g3063,2026-02-02T04:20:37.923875,2026-02-02T04:20:48.903140,10.98
subject_id,split_no,hostname,start_time,end_time,runtime_seconds
10398309591377,3,g3053,2026-02-02T04:20:25.262543,2026-02-02T04:20:53.077734,27.82
subject_id,split_no,hostname,start_time,end_time,runtime_seconds
10429562789336,4,g3053,2026-02-02T04:20:25.262562,2026-02-02T04:20:53.095905,27.83
subject_id,split_no,hostname,start_time,end_time,runtime_seconds
11961775761525,9,g3075,2026-02-02T04:20:24.456562,2026-02-02T04:20:53.855467,29.40
subject_id,split_no,hostname,start_time,end_time,runtime_seconds
13982414451514,1,g3042,2026-02-02T04:20:44.220115,2026-02-02T04:20:54.648249,10.43
subject_id,split_no,hostname,start_time,end_time,runtime_seconds
13799268563035,0,g3042,2026-02-02T04:20:44.384569,2026-02-02T04:20:54.674071,10.29
subject_id,split_no,hostname,start_time,end_time,runtime_seconds
12610730367854,5,g3062,2026-02-02T04:20:47.068712,2026-02-02T04:20:57.611774,10.54
subject_id,split_no,hostname,start_time,end_time,runtime_seconds
15668000246431,6,g3063,2026-02-02T04:20:48.915739,2026-02-02T04:20:58.713900,9.80
subject_id,split_no,hostname,start_time,end_time,runtime_seconds
11793095403620,7,g3072,2026-02-02T04:20:33.369776,2026-02-02T04:21:00.790319,27.42
subject_id,split_no,hostname,start_time,end_time,runtime_seconds
13215970035309,9,g3075,2026-02-02T04:20:53.871389,2026-02-02T04:21:04.205332,10.33
subject_id,split_no,hostname,start_time,end_time,runtime_seconds
16375427841703,1,g3042,2026-02-02T04:20:54.664631,2026-02-02T04:21:04.782760,10.12
subject_id,split_no,hostname,start_time,end_time,runtime_seconds
12483336067346,3,g3053,2026-02-02T04:20:53.089256,2026-02-02T04:21:05.218666,12.13
subject_id,split_no,hostname,start_time,end_time,runtime_seconds
12603555538074,4,g3053,2026-02-02T04:20:53.101433,2026-02-02T04:21:05.911657,12.81
subject_id,split_no,hostname,start_time,end_time,runtime_seconds
16841296268084,6,g3063,2026-02-02T04:20:58.724522,2026-02-02T04:21:08.471810,9.75
subject_id,split_no,hostname,start_time,end_time,runtime_seconds
16339919319697,0,g3042,2026-02-02T04:20:54.686525,2026-02-02T04:21:09.071449,14.38
subject_id,split_no,hostname,start_time,end_time,runtime_seconds
14938670040464,5,g3062,2026-02-02T04:20:57.625053,2026-02-02T04:21:12.962386,15.34
subject_id,split_no,hostname,start_time,end_time,runtime_seconds
16228664760455,9,g3075,2026-02-02T04:21:04.233393,2026-02-02T04:21:14.373085,10.14
subject_id,split_no,hostname,start_time,end_time,runtime_seconds
17262617574870,1,g3042,2026-02-02T04:21:04.796271,2026-02-02T04:21:14.908151,10.11
subject_id,split_no,hostname,start_time,end_time,runtime_seconds
12685165126954,7,g3072,2026-02-02T04:21:00.799037,2026-02-02T04:21:15.277455,14.48
subject_id,split_no,hostname,start_time,end_time,runtime_seconds
14762184019761,3,g3053,2026-02-02T04:21:05.234803,2026-02-02T04:21:17.577491,12.34
subject_id,split_no,hostname,start_time,end_time,runtime_seconds
17641413509638,6,g3063,2026-02-02T04:21:08.479223,2026-02-02T04:21:19.967747,11.49
subject_id,split_no,hostname,start_time,end_time,runtime_seconds
17236206359109,0,g3042,2026-02-02T04:21:09.090454,2026-02-02T04:21:20.611195,11.52
subject_id,split_no,hostname,start_time,end_time,runtime_seconds
17101939938068,9,g3075,2026-02-02T04:21:14.387736,2026-02-02T04:21:25.849702,11.46
subject_id,split_no,hostname,start_time,end_time,runtime_seconds
18197100217970,1,g3042,2026-02-02T04:21:14.925761,2026-02-02T04:21:25.987244,11.06
subject_id,split_no,hostname,start_time,end_time,runtime_seconds
15937880385805,7,g3072,2026-02-02T04:21:15.291767,2026-02-02T04:21:29.028527,13.74
subject_id,split_no,hostname,start_time,end_time,runtime_seconds
16741868665515,5,g3062,2026-02-02T04:21:12.971204,2026-02-02T04:21:29.254180,16.28
subject_id,split_no,hostname,start_time,end_time,runtime_seconds
16596482480503,3,g3053,2026-02-02T04:21:17.592774,2026-02-02T04:21:32.562783,14.97
subject_id,split_no,hostname,start_time,end_time,runtime_seconds
18188206483800,0,g3042,2026-02-02T04:21:20.630075,2026-02-02T04:21:33.464360,12.83
subject_id,split_no,hostname,start_time,end_time,runtime_seconds
10244062723965,2,g3052,2026-02-02T04:20:41.186547,2026-02-02T04:21:35.518846,54.33
subject_id,split_no,hostname,start_time,end_time,runtime_seconds
18178570365313,9,g3075,2026-02-02T04:21:25.859807,2026-02-02T04:21:36.013406,10.15
subject_id,split_no,hostname,start_time,end_time,runtime_seconds
20227712453519,1,g3042,2026-02-02T04:21:26.004488,2026-02-02T04:21:36.195428,10.19
subject_id,split_no,hostname,start_time,end_time,runtime_seconds
11868547770861,8,g3073,2026-02-02T04:20:32.278565,2026-02-02T04:21:38.788151,66.51
subject_id,split_no,hostname,start_time,end_time,runtime_seconds
17508842326859,5,g3062,2026-02-02T04:21:29.264704,2026-02-02T04:21:40.344195,11.08
subject_id,split_no,hostname,start_time,end_time,runtime_seconds
19247185345726,9,g3075,2026-02-02T04:21:36.031727,2026-02-02T04:21:45.908074,9.88
subject_id,split_no,hostname,start_time,end_time,runtime_seconds
19515069348763,0,g3042,2026-02-02T04:21:33.475138,2026-02-02T04:21:46.207672,12.73
subject_id,split_no,hostname,start_time,end_time,runtime_seconds
16886552183776,7,g3072,2026-02-02T04:21:29.043726,2026-02-02T04:21:46.600658,17.56
subject_id,split_no,hostname,start_time,end_time,runtime_seconds
12295585158434,2,g3052,2026-02-02T04:21:35.534424,2026-02-02T04:21:47.809752,12.28
subject_id,split_no,hostname,start_time,end_time,runtime_seconds
17438703990611,3,g3053,2026-02-02T04:21:32.573739,2026-02-02T04:21:48.090317,15.52
subject_id,split_no,hostname,start_time,end_time,runtime_seconds
21912957831748,1,g3042,2026-02-02T04:21:36.209787,2026-02-02T04:21:50.068732,13.86
subject_id,split_no,hostname,start_time,end_time,runtime_seconds
21845623478439,9,g3075,2026-02-02T04:21:45.920290,2026-02-02T04:21:55.901020,9.98
subject_id,split_no,hostname,start_time,end_time,runtime_seconds
14125911381782,2,g3052,2026-02-02T04:21:47.842574,2026-02-02T04:21:57.931317,10.09
subject_id,split_no,hostname,start_time,end_time,runtime_seconds
21909463934838,0,g3042,2026-02-02T04:21:46.223932,2026-02-02T04:21:59.040150,12.82
subject_id,split_no,hostname,start_time,end_time,runtime_seconds
13022952193695,8,g3073,2026-02-02T04:21:38.826270,2026-02-02T04:21:59.443251,20.62
subject_id,split_no,hostname,start_time,end_time,runtime_seconds
17816672235957,7,g3072,2026-02-02T04:21:46.613059,2026-02-02T04:22:02.376029,15.76
subject_id,split_no,hostname,start_time,end_time,runtime_seconds
22783198456254,1,g3042,2026-02-02T04:21:50.082836,2026-02-02T04:22:04.247731,14.16
subject_id,split_no,hostname,start_time,end_time,runtime_seconds
18593047283669,3,g3053,2026-02-02T04:21:48.105181,2026-02-02T04:22:04.436268,16.33
subject_id,split_no,hostname,start_time,end_time,runtime_seconds
16580717943140,2,g3052,2026-02-02T04:21:57.946486,2026-02-02T04:22:07.302226,9.36
subject_id,split_no,hostname,start_time,end_time,runtime_seconds
22734740452340,9,g3075,2026-02-02T04:21:55.915621,2026-02-02T04:22:07.404666,11.49
subject_id,split_no,hostname,start_time,end_time,runtime_seconds
22739958691056,0,g3042,2026-02-02T04:21:59.049152,2026-02-02T04:22:09.264918,10.22
subject_id,split_no,hostname,start_time,end_time,runtime_seconds
16058787153001,8,g3073,2026-02-02T04:21:59.464563,2026-02-02T04:22:16.172722,16.71
subject_id,split_no,hostname,start_time,end_time,runtime_seconds
17393945148956,2,g3052,2026-02-02T04:22:07.318505,2026-02-02T04:22:17.954681,10.64
subject_id,split_no,hostname,start_time,end_time,runtime_seconds
24429041449362,0,g3042,2026-02-02T04:22:09.275956,2026-02-02T04:22:19.837390,10.56
subject_id,split_no,hostname,start_time,end_time,runtime_seconds
24551911631824,1,g3042,2026-02-02T04:22:04.254024,2026-02-02T04:22:20.239920,15.99
subject_id,split_no,hostname,start_time,end_time,runtime_seconds
24218688635597,9,g3075,2026-02-02T04:22:07.424148,2026-02-02T04:22:22.844517,15.42
subject_id,split_no,hostname,start_time,end_time,runtime_seconds
20753900311247,3,g3053,2026-02-02T04:22:04.457394,2026-02-02T04:22:23.957011,19.50
subject_id,split_no,hostname,start_time,end_time,runtime_seconds
26098224140177,0,g3042,2026-02-02T04:22:19.842938,2026-02-02T04:22:30.403771,10.56
subject_id,split_no,hostname,start_time,end_time,runtime_seconds
18587545975395,2,g3052,2026-02-02T04:22:17.968890,2026-02-02T04:22:31.574666,13.61
subject_id,split_no,hostname,start_time,end_time,runtime_seconds
14922568896202,4,g3053,2026-02-02T04:21:05.918511,2026-02-02T04:22:32.804535,86.89
subject_id,split_no,hostname,start_time,end_time,runtime_seconds
25639609314537,9,g3075,2026-02-02T04:22:22.860038,2026-02-02T04:22:33.017140,10.16
subject_id,split_no,hostname,start_time,end_time,runtime_seconds
26833157256271,1,g3042,2026-02-02T04:22:20.242512,2026-02-02T04:22:33.797991,13.56
subject_id,split_no,hostname,start_time,end_time,runtime_seconds
18900019516078,6,g3063,2026-02-02T04:21:19.974956,2026-02-02T04:22:34.385262,74.41
subject_id,split_no,hostname,start_time,end_time,runtime_seconds
22222013311100,3,g3053,2026-02-02T04:22:23.991571,2026-02-02T04:22:37.107377,13.12
subject_id,split_no,hostname,start_time,end_time,runtime_seconds
27756622012770,0,g3042,2026-02-02T04:22:30.413737,2026-02-02T04:22:41.559906,11.15
subject_id,split_no,hostname,start_time,end_time,runtime_seconds
20567292369503,2,g3052,2026-02-02T04:22:31.590414,2026-02-02T04:22:42.027245,10.44
subject_id,split_no,hostname,start_time,end_time,runtime_seconds
27688522025372,9,g3075,2026-02-02T04:22:33.034897,2026-02-02T04:22:44.647946,11.61
subject_id,split_no,hostname,start_time,end_time,runtime_seconds
27896086573534,1,g3042,2026-02-02T04:22:33.810740,2026-02-02T04:22:45.128738,11.32
subject_id,split_no,hostname,start_time,end_time,runtime_seconds
23218855559881,3,g3053,2026-02-02T04:22:37.120108,2026-02-02T04:22:49.738580,12.62
subject_id,split_no,hostname,start_time,end_time,runtime_seconds
29906987659391,0,g3042,2026-02-02T04:22:41.565758,2026-02-02T04:22:53.160168,11.59
subject_id,split_no,hostname,start_time,end_time,runtime_seconds
22029752470512,2,g3052,2026-02-02T04:22:42.056706,2026-02-02T04:22:54.333436,12.28
subject_id,split_no,hostname,start_time,end_time,runtime_seconds
30223399781499,1,g3042,2026-02-02T04:22:45.141685,2026-02-02T04:22:54.971945,9.83
subject_id,split_no,hostname,start_time,end_time,runtime_seconds
18859300738112,5,g3062,2026-02-02T04:21:40.359932,2026-02-02T04:22:55.089533,74.73
subject_id,split_no,hostname,start_time,end_time,runtime_seconds
29626022997414,9,g3075,2026-02-02T04:22:44.658548,2026-02-02T04:22:55.207924,10.55
subject_id,split_no,hostname,start_time,end_time,runtime_seconds
16635154909336,4,g3053,2026-02-02T04:22:32.823701,2026-02-02T04:23:00.932628,28.11
subject_id,split_no,hostname,start_time,end_time,runtime_seconds
21543361887748,6,g3063,2026-02-02T04:22:34.402999,2026-02-02T04:23:01.545346,27.14
subject_id,split_no,hostname,start_time,end_time,runtime_seconds
23148363972280,2,g3052,2026-02-02T04:22:54.343842,2026-02-02T04:23:05.127865,10.78
subject_id,split_no,hostname,start_time,end_time,runtime_seconds
25097313172624,3,g3053,2026-02-02T04:22:49.746832,2026-02-02T04:23:05.158832,15.41
subject_id,split_no,hostname,start_time,end_time,runtime_seconds
30809796368199,9,g3075,2026-02-02T04:22:55.218789,2026-02-02T04:23:05.492175,10.27
subject_id,split_no,hostname,start_time,end_time,runtime_seconds
31351035633578,1,g3042,2026-02-02T04:22:54.985873,2026-02-02T04:23:07.321978,12.34
subject_id,split_no,hostname,start_time,end_time,runtime_seconds
31106616463767,0,g3042,2026-02-02T04:22:53.170575,2026-02-02T04:23:08.009878,14.84
subject_id,split_no,hostname,start_time,end_time,runtime_seconds
24626801357217,2,g3052,2026-02-02T04:23:05.140415,2026-02-02T04:23:16.763660,11.62
subject_id,split_no,hostname,start_time,end_time,runtime_seconds
32767378073475,9,g3075,2026-02-02T04:23:05.507252,2026-02-02T04:23:16.992151,11.48
subject_id,split_no,hostname,start_time,end_time,runtime_seconds
26893343487601,3,g3053,2026-02-02T04:23:05.173154,2026-02-02T04:23:17.838924,12.67
subject_id,split_no,hostname,start_time,end_time,runtime_seconds
33518721637620,0,g3042,2026-02-02T04:23:08.012320,2026-02-02T04:23:18.269807,10.26
subject_id,split_no,hostname,start_time,end_time,runtime_seconds
19173649379441,7,g3072,2026-02-02T04:22:02.392638,2026-02-02T04:23:18.482685,76.09
subject_id,split_no,hostname,start_time,end_time,runtime_seconds
33660050820860,1,g3042,2026-02-02T04:23:07.330102,2026-02-02T04:23:18.630747,11.30
subject_id,split_no,hostname,start_time,end_time,runtime_seconds
20928443018612,5,g3062,2026-02-02T04:22:55.108542,2026-02-02T04:23:21.647839,26.54
subject_id,split_no,hostname,start_time,end_time,runtime_seconds
26858321694770,2,g3052,2026-02-02T04:23:16.777759,2026-02-02T04:23:27.226060,10.45
subject_id,split_no,hostname,start_time,end_time,runtime_seconds
17473147525541,4,g3053,2026-02-02T04:23:00.944919,2026-02-02T04:23:27.319674,26.37
subject_id,split_no,hostname,start_time,end_time,runtime_seconds
27983637270581,3,g3053,2026-02-02T04:23:17.849674,2026-02-02T04:23:28.201602,10.35
subject_id,split_no,hostname,start_time,end_time,runtime_seconds
40517844001162,1,g3042,2026-02-02T04:23:18.639615,2026-02-02T04:23:29.236273,10.60
subject_id,split_no,hostname,start_time,end_time,runtime_seconds
22513869714470,6,g3063,2026-02-02T04:23:01.561655,2026-02-02T04:23:29.526150,27.96
subject_id,split_no,hostname,start_time,end_time,runtime_seconds
40378064041205,0,g3042,2026-02-02T04:23:18.282743,2026-02-02T04:23:30.738982,12.46
subject_id,split_no,hostname,start_time,end_time,runtime_seconds
27900479268080,2,g3052,2026-02-02T04:23:27.235072,2026-02-02T04:23:36.738740,9.50
subject_id,split_no,hostname,start_time,end_time,runtime_seconds
30287088240713,3,g3053,2026-02-02T04:23:28.209794,2026-02-02T04:23:38.885100,10.68
subject_id,split_no,hostname,start_time,end_time,runtime_seconds
47982566359889,1,g3042,2026-02-02T04:23:29.244646,2026-02-02T04:23:39.418158,10.17
subject_id,split_no,hostname,start_time,end_time,runtime_seconds
46975302291393,0,g3042,2026-02-02T04:23:30.751309,2026-02-02T04:23:41.617182,10.87
subject_id,split_no,hostname,start_time,end_time,runtime_seconds
30249571217369,2,g3052,2026-02-02T04:23:36.752328,2026-02-02T04:23:48.792098,12.04
subject_id,split_no,hostname,start_time,end_time,runtime_seconds
22478736382873,5,g3062,2026-02-02T04:23:21.666939,2026-02-02T04:23:49.692141,28.03
subject_id,split_no,hostname,start_time,end_time,runtime_seconds
65715967822251,1,g3042,2026-02-02T04:23:39.431244,2026-02-02T04:23:49.803714,10.37
subject_id,split_no,hostname,start_time,end_time,runtime_seconds
18656989117944,4,g3053,2026-02-02T04:23:27.337025,2026-02-02T04:23:50.473281,23.14
subject_id,split_no,hostname,start_time,end_time,runtime_seconds
62692215849422,0,g3042,2026-02-02T04:23:41.623129,2026-02-02T04:23:51.602215,9.98
subject_id,split_no,hostname,start_time,end_time,runtime_seconds
21761046488110,7,g3072,2026-02-02T04:23:18.494005,2026-02-02T04:23:53.183557,34.69
subject_id,split_no,hostname,start_time,end_time,runtime_seconds
23517767890026,6,g3063,2026-02-02T04:23:29.544408,2026-02-02T04:23:53.809756,24.27
subject_id,split_no,hostname,start_time,end_time,runtime_seconds
31587484358496,3,g3053,2026-02-02T04:23:38.905824,2026-02-02T04:24:10.347378,31.44
subject_id,split_no,hostname,start_time,end_time,runtime_seconds
23281773745711,5,g3062,2026-02-02T04:23:49.700617,2026-02-02T04:24:15.198000,25.50
subject_id,split_no,hostname,start_time,end_time,runtime_seconds
25325158121363,6,g3063,2026-02-02T04:23:53.822966,2026-02-02T04:24:17.857985,24.04
subject_id,split_no,hostname,start_time,end_time,runtime_seconds
22649012359469,7,g3072,2026-02-02T04:23:53.308686,2026-02-02T04:24:21.316938,28.01
subject_id,split_no,hostname,start_time,end_time,runtime_seconds
20802163963645,4,g3053,2026-02-02T04:23:50.491196,2026-02-02T04:24:23.972440,33.48
subject_id,split_no,hostname,start_time,end_time,runtime_seconds
38673156607957,9,g3075,2026-02-02T04:23:17.001992,2026-02-02T04:24:34.879059,77.88
subject_id,split_no,hostname,start_time,end_time,runtime_seconds
33718969393831,3,g3053,2026-02-02T04:24:10.359206,2026-02-02T04:24:35.588125,25.23
subject_id,split_no,hostname,start_time,end_time,runtime_seconds
25310981994593,5,g3062,2026-02-02T04:24:15.210076,2026-02-02T04:24:41.836716,26.63
subject_id,split_no,hostname,start_time,end_time,runtime_seconds
84898953059284,1,g3042,2026-02-02T04:23:49.817191,2026-02-02T04:24:44.517287,54.70
subject_id,split_no,hostname,start_time,end_time,runtime_seconds
27148952284995,6,g3063,2026-02-02T04:24:17.870659,2026-02-02T04:24:45.918666,28.05
subject_id,split_no,hostname,start_time,end_time,runtime_seconds
22340848740056,4,g3053,2026-02-02T04:24:23.981858,2026-02-02T04:24:56.344095,32.36
subject_id,split_no,hostname,start_time,end_time,runtime_seconds
23560806231745,7,g3072,2026-02-02T04:24:21.337100,2026-02-02T04:24:56.636362,35.30
subject_id,split_no,hostname,start_time,end_time,runtime_seconds
84541548076919,0,g3042,2026-02-02T04:23:51.609171,2026-02-02T04:24:57.286699,65.68
subject_id,split_no,hostname,start_time,end_time,runtime_seconds
46240253759706,9,g3075,2026-02-02T04:24:34.917652,2026-02-02T04:25:04.266011,29.35
subject_id,split_no,hostname,start_time,end_time,runtime_seconds
31513092502755,2,g3052,2026-02-02T04:23:48.805574,2026-02-02T04:25:06.594228,77.79
subject_id,split_no,hostname,start_time,end_time,runtime_seconds
41466768058195,3,g3053,2026-02-02T04:24:35.600464,2026-02-02T04:25:07.501006,31.90
subject_id,split_no,hostname,start_time,end_time,runtime_seconds
27091259602746,5,g3062,2026-02-02T04:24:41.848855,2026-02-02T04:25:10.436297,28.59
subject_id,split_no,hostname,start_time,end_time,runtime_seconds
BraTS-GLI-00203-000,1,g3042,2026-02-02T04:24:44.529850,2026-02-02T04:25:13.016348,28.49
subject_id,split_no,hostname,start_time,end_time,runtime_seconds
28777808709070,6,g3063,2026-02-02T04:24:45.938987,2026-02-02T04:25:15.956858,30.02
subject_id,split_no,hostname,start_time,end_time,runtime_seconds
23274951412464,4,g3053,2026-02-02T04:24:56.352984,2026-02-02T04:25:23.533228,27.18
subject_id,split_no,hostname,start_time,end_time,runtime_seconds
62146545467058,9,g3075,2026-02-02T04:25:04.281532,2026-02-02T04:25:26.457929,22.18
subject_id,split_no,hostname,start_time,end_time,runtime_seconds
25549124438619,7,g3072,2026-02-02T04:24:56.657077,2026-02-02T04:25:31.839931,35.18
subject_id,split_no,hostname,start_time,end_time,runtime_seconds
33690685722826,2,g3052,2026-02-02T04:25:06.610588,2026-02-02T04:25:33.929104,27.32
subject_id,split_no,hostname,start_time,end_time,runtime_seconds
49244676843532,3,g3053,2026-02-02T04:25:07.528463,2026-02-02T04:25:34.193737,26.67
subject_id,split_no,hostname,start_time,end_time,runtime_seconds
30650427919742,6,g3063,2026-02-02T04:25:15.966669,2026-02-02T04:25:40.808592,24.84
subject_id,split_no,hostname,start_time,end_time,runtime_seconds
28597611781685,5,g3062,2026-02-02T04:25:10.450121,2026-02-02T04:25:41.063207,30.61
subject_id,split_no,hostname,start_time,end_time,runtime_seconds
25242073263098,4,g3053,2026-02-02T04:25:23.541847,2026-02-02T04:25:47.187614,23.65
subject_id,split_no,hostname,start_time,end_time,runtime_seconds
82298679836592,9,g3075,2026-02-02T04:25:26.465345,2026-02-02T04:25:49.162372,22.70
subject_id,split_no,hostname,start_time,end_time,runtime_seconds
71849017280872,3,g3053,2026-02-02T04:25:34.203942,2026-02-02T04:25:59.221972,25.02
subject_id,split_no,hostname,start_time,end_time,runtime_seconds
40655222067688,2,g3052,2026-02-02T04:25:33.938655,2026-02-02T04:26:04.213555,30.27
subject_id,split_no,hostname,start_time,end_time,runtime_seconds
27493821342368,7,g3072,2026-02-02T04:25:31.850398,2026-02-02T04:26:05.853991,34.00
subject_id,split_no,hostname,start_time,end_time,runtime_seconds
30501682770038,5,g3062,2026-02-02T04:25:41.081900,2026-02-02T04:26:06.920596,25.84
subject_id,split_no,hostname,start_time,end_time,runtime_seconds
32187582546363,6,g3063,2026-02-02T04:25:40.819581,2026-02-02T04:26:10.818014,30.00
subject_id,split_no,hostname,start_time,end_time,runtime_seconds
27006137583344,4,g3053,2026-02-02T04:25:47.198007,2026-02-02T04:26:14.377457,27.18
subject_id,split_no,hostname,start_time,end_time,runtime_seconds
99542841613815,9,g3075,2026-02-02T04:25:49.181074,2026-02-02T04:26:16.825803,27.64
subject_id,split_no,hostname,start_time,end_time,runtime_seconds
48239930456278,2,g3052,2026-02-02T04:26:04.221057,2026-02-02T04:26:30.844456,26.62
subject_id,split_no,hostname,start_time,end_time,runtime_seconds
28993716581161,7,g3072,2026-02-02T04:26:05.867972,2026-02-02T04:26:36.923025,31.06
subject_id,split_no,hostname,start_time,end_time,runtime_seconds
36201305796834,6,g3063,2026-02-02T04:26:10.828087,2026-02-02T04:26:37.045818,26.22
subject_id,split_no,hostname,start_time,end_time,runtime_seconds
32001092620149,5,g3062,2026-02-02T04:26:06.940682,2026-02-02T04:26:43.493698,36.55
subject_id,split_no,hostname,start_time,end_time,runtime_seconds
28181545952203,4,g3053,2026-02-02T04:26:14.385945,2026-02-02T04:26:45.542851,31.16
subject_id,split_no,hostname,start_time,end_time,runtime_seconds
70763336732891,2,g3052,2026-02-02T04:26:30.854920,2026-02-02T04:26:52.510185,21.66
subject_id,split_no,hostname,start_time,end_time,runtime_seconds
45305246589934,6,g3063,2026-02-02T04:26:37.059401,2026-02-02T04:27:02.889865,25.83
subject_id,split_no,hostname,start_time,end_time,runtime_seconds
35918397061286,5,g3062,2026-02-02T04:26:43.505015,2026-02-02T04:27:05.970002,22.46
subject_id,split_no,hostname,start_time,end_time,runtime_seconds
30718077526767,7,g3072,2026-02-02T04:26:36.934944,2026-02-02T04:27:07.094450,30.16
subject_id,split_no,hostname,start_time,end_time,runtime_seconds
30390669934425,4,g3053,2026-02-02T04:26:45.553684,2026-02-02T04:27:08.523602,22.97
subject_id,split_no,hostname,start_time,end_time,runtime_seconds
86479430180778,2,g3052,2026-02-02T04:26:52.520870,2026-02-02T04:27:14.123191,21.60
subject_id,split_no,hostname,start_time,end_time,runtime_seconds
59243724971828,6,g3063,2026-02-02T04:27:02.904632,2026-02-02T04:27:24.680147,21.78
subject_id,split_no,hostname,start_time,end_time,runtime_seconds
31641093204866,4,g3053,2026-02-02T04:27:08.536390,2026-02-02T04:27:32.218646,23.68
subject_id,split_no,hostname,start_time,end_time,runtime_seconds
45203724572086,5,g3062,2026-02-02T04:27:06.030082,2026-02-02T04:27:33.899058,27.87
subject_id,split_no,hostname,start_time,end_time,runtime_seconds
32226512142846,7,g3072,2026-02-02T04:27:07.109255,2026-02-02T04:27:45.175351,38.07
subject_id,split_no,hostname,start_time,end_time,runtime_seconds
77553978098979,6,g3063,2026-02-02T04:27:24.693465,2026-02-02T04:27:50.929912,26.24
subject_id,split_no,hostname,start_time,end_time,runtime_seconds
33752435803828,4,g3053,2026-02-02T04:27:32.227149,2026-02-02T04:28:00.547118,28.32
subject_id,split_no,hostname,start_time,end_time,runtime_seconds
57059342504789,5,g3062,2026-02-02T04:27:33.915039,2026-02-02T04:28:00.897824,26.98
subject_id,split_no,hostname,start_time,end_time,runtime_seconds
36361143111330,7,g3072,2026-02-02T04:27:45.184940,2026-02-02T04:28:11.882715,26.70
subject_id,split_no,hostname,start_time,end_time,runtime_seconds
89573218664301,6,g3063,2026-02-02T04:27:50.943676,2026-02-02T04:28:16.267542,25.32
subject_id,split_no,hostname,start_time,end_time,runtime_seconds
43717166913394,4,g3053,2026-02-02T04:28:00.555662,2026-02-02T04:28:27.718890,27.16
subject_id,split_no,hostname,start_time,end_time,runtime_seconds
45379130198598,7,g3072,2026-02-02T04:28:11.894960,2026-02-02T04:28:35.530131,23.64
subject_id,split_no,hostname,start_time,end_time,runtime_seconds
76811337679033,5,g3062,2026-02-02T04:28:00.913745,2026-02-02T04:28:35.765751,34.85
subject_id,split_no,hostname,start_time,end_time,runtime_seconds
50276292875695,4,g3053,2026-02-02T04:28:27.724430,2026-02-02T04:29:01.681280,33.96
subject_id,split_no,hostname,start_time,end_time,runtime_seconds
88976336920958,5,g3062,2026-02-02T04:28:35.780084,2026-02-02T04:29:01.967343,26.19
subject_id,split_no,hostname,start_time,end_time,runtime_seconds
59499886691466,7,g3072,2026-02-02T04:28:35.542974,2026-02-02T04:29:07.356397,31.81
subject_id,split_no,hostname,start_time,end_time,runtime_seconds
76084158638666,4,g3053,2026-02-02T04:29:01.696336,2026-02-02T04:29:33.157970,31.46
subject_id,split_no,hostname,start_time,end_time,runtime_seconds
78826126469594,7,g3072,2026-02-02T04:29:07.369893,2026-02-02T04:29:33.216209,25.85
subject_id,split_no,hostname,start_time,end_time,runtime_seconds
88701623027519,4,g3053,2026-02-02T04:29:33.182465,2026-02-02T04:29:59.555994,26.37
subject_id,split_no,hostname,start_time,end_time,runtime_seconds
90024861092544,7,g3072,2026-02-02T04:29:33.236552,2026-02-02T04:30:02.312629,29.08
subject_id,split_no,hostname,start_time,end_time,runtime_seconds
10429562789336,4,g3062,2026-02-02T04:50:39.585959,2026-02-02T04:50:54.506704,14.92
subject_id,split_no,hostname,start_time,end_time,runtime_seconds
10441917611067,5,g3063,2026-02-02T04:50:39.589315,2026-02-02T04:50:56.666394,17.08
subject_id,split_no,hostname,start_time,end_time,runtime_seconds
10398309591377,3,g3060,2026-02-02T04:50:39.585874,2026-02-02T04:50:57.272223,17.69
subject_id,split_no,hostname,start_time,end_time,runtime_seconds
10114964023436,1,g3053,2026-02-02T04:50:39.585635,2026-02-02T04:50:57.690320,18.10
subject_id,split_no,hostname,start_time,end_time,runtime_seconds
11868547770861,8,g3044,2026-02-02T04:50:39.334732,2026-02-02T04:50:57.934260,18.60
subject_id,split_no,hostname,start_time,end_time,runtime_seconds
11495363861930,6,g3042,2026-02-02T04:50:39.626834,2026-02-02T04:50:58.032118,18.41
subject_id,split_no,hostname,start_time,end_time,runtime_seconds
11793095403620,7,g3042,2026-02-02T04:50:39.626789,2026-02-02T04:50:58.185602,18.56
subject_id,split_no,hostname,start_time,end_time,runtime_seconds
10064774423088,0,g3052,2026-02-02T04:50:43.115423,2026-02-02T04:50:58.374333,15.26
subject_id,split_no,hostname,start_time,end_time,runtime_seconds
10244062723965,2,g3053,2026-02-02T04:50:39.585663,2026-02-02T04:51:00.169161,20.58
subject_id,split_no,hostname,start_time,end_time,runtime_seconds
12603555538074,4,g3062,2026-02-02T04:50:54.524998,2026-02-02T04:51:06.186035,11.66
subject_id,split_no,hostname,start_time,end_time,runtime_seconds
12610730367854,5,g3063,2026-02-02T04:50:56.681665,2026-02-02T04:51:06.555619,9.87
subject_id,split_no,hostname,start_time,end_time,runtime_seconds
12483336067346,3,g3060,2026-02-02T04:50:57.289526,2026-02-02T04:51:07.995712,10.71
subject_id,split_no,hostname,start_time,end_time,runtime_seconds
12167198495341,0,g3052,2026-02-02T04:50:58.390436,2026-02-02T04:51:08.054661,9.66
subject_id,split_no,hostname,start_time,end_time,runtime_seconds
12266467217442,1,g3053,2026-02-02T04:50:57.707741,2026-02-02T04:51:08.474400,10.77
subject_id,split_no,hostname,start_time,end_time,runtime_seconds
13022952193695,8,g3044,2026-02-02T04:50:57.953399,2026-02-02T04:51:08.770188,10.82
subject_id,split_no,hostname,start_time,end_time,runtime_seconds
12672270699804,6,g3042,2026-02-02T04:50:58.057217,2026-02-02T04:51:09.590668,11.53
subject_id,split_no,hostname,start_time,end_time,runtime_seconds
12685165126954,7,g3042,2026-02-02T04:50:58.199722,2026-02-02T04:51:11.086041,12.89
subject_id,split_no,hostname,start_time,end_time,runtime_seconds
12295585158434,2,g3053,2026-02-02T04:51:00.185650,2026-02-02T04:51:13.265895,13.08
subject_id,split_no,hostname,start_time,end_time,runtime_seconds
14922568896202,4,g3062,2026-02-02T04:51:06.200053,2026-02-02T04:51:16.662751,10.46
subject_id,split_no,hostname,start_time,end_time,runtime_seconds
13799268563035,0,g3052,2026-02-02T04:51:08.071950,2026-02-02T04:51:17.757700,9.69
subject_id,split_no,hostname,start_time,end_time,runtime_seconds
14762184019761,3,g3060,2026-02-02T04:51:08.013058,2026-02-02T04:51:18.856331,10.84
subject_id,split_no,hostname,start_time,end_time,runtime_seconds
16058787153001,8,g3044,2026-02-02T04:51:08.792649,2026-02-02T04:51:19.172005,10.38
subject_id,split_no,hostname,start_time,end_time,runtime_seconds
13982414451514,1,g3053,2026-02-02T04:51:08.487579,2026-02-02T04:51:19.273283,10.79
subject_id,split_no,hostname,start_time,end_time,runtime_seconds
15668000246431,6,g3042,2026-02-02T04:51:09.601169,2026-02-02T04:51:20.067029,10.47
subject_id,split_no,hostname,start_time,end_time,runtime_seconds
14938670040464,5,g3063,2026-02-02T04:51:06.571344,2026-02-02T04:51:20.478561,13.91
subject_id,split_no,hostname,start_time,end_time,runtime_seconds
15937880385805,7,g3042,2026-02-02T04:51:11.089863,2026-02-02T04:51:21.683308,10.59
subject_id,split_no,hostname,start_time,end_time,runtime_seconds
14125911381782,2,g3053,2026-02-02T04:51:13.283681,2026-02-02T04:51:24.240474,10.96
subject_id,split_no,hostname,start_time,end_time,runtime_seconds
16635154909336,4,g3062,2026-02-02T04:51:16.680661,2026-02-02T04:51:28.052106,11.37
subject_id,split_no,hostname,start_time,end_time,runtime_seconds
16375427841703,1,g3053,2026-02-02T04:51:19.284933,2026-02-02T04:51:29.768760,10.48
subject_id,split_no,hostname,start_time,end_time,runtime_seconds
16841296268084,6,g3042,2026-02-02T04:51:20.079146,2026-02-02T04:51:30.908908,10.83
subject_id,split_no,hostname,start_time,end_time,runtime_seconds
16339919319697,0,g3052,2026-02-02T04:51:17.774791,2026-02-02T04:51:31.362118,13.59
subject_id,split_no,hostname,start_time,end_time,runtime_seconds
16596482480503,3,g3060,2026-02-02T04:51:18.878939,2026-02-02T04:51:31.702366,12.82
subject_id,split_no,hostname,start_time,end_time,runtime_seconds
16886552183776,7,g3042,2026-02-02T04:51:21.693981,2026-02-02T04:51:32.046133,10.35
subject_id,split_no,hostname,start_time,end_time,runtime_seconds
16926185273548,8,g3044,2026-02-02T04:51:19.183718,2026-02-02T04:51:33.616698,14.43
subject_id,split_no,hostname,start_time,end_time,runtime_seconds
16741868665515,5,g3063,2026-02-02T04:51:20.497251,2026-02-02T04:51:35.114263,14.62
subject_id,split_no,hostname,start_time,end_time,runtime_seconds
17473147525541,4,g3062,2026-02-02T04:51:28.061368,2026-02-02T04:51:39.135151,11.07
subject_id,split_no,hostname,start_time,end_time,runtime_seconds
17262617574870,1,g3053,2026-02-02T04:51:29.785896,2026-02-02T04:51:40.161043,10.38
subject_id,split_no,hostname,start_time,end_time,runtime_seconds
11961775761525,9,g3046,2026-02-02T04:50:39.909760,2026-02-02T04:51:41.279910,61.37
subject_id,split_no,hostname,start_time,end_time,runtime_seconds
17236206359109,0,g3052,2026-02-02T04:51:31.381323,2026-02-02T04:51:42.096810,10.72
subject_id,split_no,hostname,start_time,end_time,runtime_seconds
17438703990611,3,g3060,2026-02-02T04:51:31.719655,2026-02-02T04:51:42.484407,10.76
subject_id,split_no,hostname,start_time,end_time,runtime_seconds
17641413509638,6,g3042,2026-02-02T04:51:30.921975,2026-02-02T04:51:43.186847,12.26
subject_id,split_no,hostname,start_time,end_time,runtime_seconds
17816672235957,7,g3042,2026-02-02T04:51:32.068015,2026-02-02T04:51:43.410642,11.34
subject_id,split_no,hostname,start_time,end_time,runtime_seconds
17927755785666,8,g3044,2026-02-02T04:51:33.630550,2026-02-02T04:51:43.762468,10.13
subject_id,split_no,hostname,start_time,end_time,runtime_seconds
17508842326859,5,g3063,2026-02-02T04:51:35.126840,2026-02-02T04:51:45.308406,10.18
subject_id,split_no,hostname,start_time,end_time,runtime_seconds
18656989117944,4,g3062,2026-02-02T04:51:39.152334,2026-02-02T04:51:49.659945,10.51
subject_id,split_no,hostname,start_time,end_time,runtime_seconds
18197100217970,1,g3053,2026-02-02T04:51:40.172119,2026-02-02T04:51:51.427057,11.25
subject_id,split_no,hostname,start_time,end_time,runtime_seconds
18593047283669,3,g3060,2026-02-02T04:51:42.500843,2026-02-02T04:51:53.591997,11.09
subject_id,split_no,hostname,start_time,end_time,runtime_seconds
19173649379441,7,g3042,2026-02-02T04:51:43.414364,2026-02-02T04:51:54.024920,10.61
subject_id,split_no,hostname,start_time,end_time,runtime_seconds
13215970035309,9,g3046,2026-02-02T04:51:41.301960,2026-02-02T04:51:54.081019,12.78
subject_id,split_no,hostname,start_time,end_time,runtime_seconds
18900019516078,6,g3042,2026-02-02T04:51:43.199082,2026-02-02T04:51:54.813851,11.61
subject_id,split_no,hostname,start_time,end_time,runtime_seconds
18859300738112,5,g3063,2026-02-02T04:51:45.322167,2026-02-02T04:51:56.088820,10.77
subject_id,split_no,hostname,start_time,end_time,runtime_seconds
20802163963645,4,g3062,2026-02-02T04:51:49.668790,2026-02-02T04:52:00.212178,10.54
subject_id,split_no,hostname,start_time,end_time,runtime_seconds
20227712453519,1,g3053,2026-02-02T04:51:51.443374,2026-02-02T04:52:01.481361,10.04
subject_id,split_no,hostname,start_time,end_time,runtime_seconds
21761046488110,7,g3042,2026-02-02T04:51:54.034889,2026-02-02T04:52:04.727694,10.69
subject_id,split_no,hostname,start_time,end_time,runtime_seconds
21543361887748,6,g3042,2026-02-02T04:51:54.824520,2026-02-02T04:52:05.245284,10.42
subject_id,split_no,hostname,start_time,end_time,runtime_seconds
16228664760455,9,g3046,2026-02-02T04:51:54.096570,2026-02-02T04:52:06.292137,12.20
subject_id,split_no,hostname,start_time,end_time,runtime_seconds
20928443018612,5,g3063,2026-02-02T04:51:56.099145,2026-02-02T04:52:06.356496,10.26
subject_id,split_no,hostname,start_time,end_time,runtime_seconds
20753900311247,3,g3060,2026-02-02T04:51:53.600693,2026-02-02T04:52:08.204333,14.60
subject_id,split_no,hostname,start_time,end_time,runtime_seconds
22340848740056,4,g3062,2026-02-02T04:52:00.227432,2026-02-02T04:52:15.272890,15.05
subject_id,split_no,hostname,start_time,end_time,runtime_seconds
22649012359469,7,g3042,2026-02-02T04:52:04.737355,2026-02-02T04:52:15.317376,10.58
subject_id,split_no,hostname,start_time,end_time,runtime_seconds
21912957831748,1,g3053,2026-02-02T04:52:01.499155,2026-02-02T04:52:15.410620,13.91
subject_id,split_no,hostname,start_time,end_time,runtime_seconds
22478736382873,5,g3063,2026-02-02T04:52:06.371510,2026-02-02T04:52:17.769814,11.40
subject_id,split_no,hostname,start_time,end_time,runtime_seconds
17101939938068,9,g3046,2026-02-02T04:52:06.310260,2026-02-02T04:52:18.341997,12.03
subject_id,split_no,hostname,start_time,end_time,runtime_seconds
22513869714470,6,g3042,2026-02-02T04:52:05.250932,2026-02-02T04:52:18.822203,13.57
subject_id,split_no,hostname,start_time,end_time,runtime_seconds
22222013311100,3,g3060,2026-02-02T04:52:08.222208,2026-02-02T04:52:20.459150,12.24
subject_id,split_no,hostname,start_time,end_time,runtime_seconds
23560806231745,7,g3042,2026-02-02T04:52:15.346901,2026-02-02T04:52:27.614172,12.27
subject_id,split_no,hostname,start_time,end_time,runtime_seconds
23281773745711,5,g3063,2026-02-02T04:52:17.791634,2026-02-02T04:52:27.695290,9.90
subject_id,split_no,hostname,start_time,end_time,runtime_seconds
23274951412464,4,g3062,2026-02-02T04:52:15.292986,2026-02-02T04:52:28.348642,13.06
subject_id,split_no,hostname,start_time,end_time,runtime_seconds
18178570365313,9,g3046,2026-02-02T04:52:18.359528,2026-02-02T04:52:28.871891,10.51
subject_id,split_no,hostname,start_time,end_time,runtime_seconds
23517767890026,6,g3042,2026-02-02T04:52:18.836557,2026-02-02T04:52:29.728267,10.89
subject_id,split_no,hostname,start_time,end_time,runtime_seconds
22783198456254,1,g3053,2026-02-02T04:52:15.427432,2026-02-02T04:52:29.780602,14.35
subject_id,split_no,hostname,start_time,end_time,runtime_seconds
23218855559881,3,g3060,2026-02-02T04:52:20.467311,2026-02-02T04:52:32.706720,12.24
subject_id,split_no,hostname,start_time,end_time,runtime_seconds
25310981994593,5,g3063,2026-02-02T04:52:27.716414,2026-02-02T04:52:38.244651,10.53
subject_id,split_no,hostname,start_time,end_time,runtime_seconds
19247185345726,9,g3046,2026-02-02T04:52:28.893251,2026-02-02T04:52:38.804380,9.91
subject_id,split_no,hostname,start_time,end_time,runtime_seconds
25242073263098,4,g3062,2026-02-02T04:52:28.364824,2026-02-02T04:52:38.924156,10.56
subject_id,split_no,hostname,start_time,end_time,runtime_seconds
25549124438619,7,g3042,2026-02-02T04:52:27.623340,2026-02-02T04:52:40.473730,12.85
subject_id,split_no,hostname,start_time,end_time,runtime_seconds
25325158121363,6,g3042,2026-02-02T04:52:29.741683,2026-02-02T04:52:40.492724,10.75
subject_id,split_no,hostname,start_time,end_time,runtime_seconds
24551911631824,1,g3053,2026-02-02T04:52:29.799903,2026-02-02T04:52:45.603510,15.80
subject_id,split_no,hostname,start_time,end_time,runtime_seconds
25097313172624,3,g3060,2026-02-02T04:52:32.725501,2026-02-02T04:52:47.628370,14.90
subject_id,split_no,hostname,start_time,end_time,runtime_seconds
21845623478439,9,g3046,2026-02-02T04:52:38.824737,2026-02-02T04:52:48.782622,9.96
subject_id,split_no,hostname,start_time,end_time,runtime_seconds
27091259602746,5,g3063,2026-02-02T04:52:38.252527,2026-02-02T04:52:50.058235,11.81
subject_id,split_no,hostname,start_time,end_time,runtime_seconds
27006137583344,4,g3062,2026-02-02T04:52:38.944977,2026-02-02T04:52:50.190089,11.25
subject_id,split_no,hostname,start_time,end_time,runtime_seconds
27148952284995,6,g3042,2026-02-02T04:52:40.496127,2026-02-02T04:52:51.588833,11.09
subject_id,split_no,hostname,start_time,end_time,runtime_seconds
27493821342368,7,g3042,2026-02-02T04:52:40.480135,2026-02-02T04:52:54.923399,14.44
subject_id,split_no,hostname,start_time,end_time,runtime_seconds
26833157256271,1,g3053,2026-02-02T04:52:45.613965,2026-02-02T04:52:59.272558,13.66
subject_id,split_no,hostname,start_time,end_time,runtime_seconds
19216744737641,8,g3044,2026-02-02T04:51:43.779207,2026-02-02T04:52:59.545491,75.77
subject_id,split_no,hostname,start_time,end_time,runtime_seconds
26893343487601,3,g3060,2026-02-02T04:52:47.641659,2026-02-02T04:53:00.042000,12.40
subject_id,split_no,hostname,start_time,end_time,runtime_seconds
22734740452340,9,g3046,2026-02-02T04:52:48.811700,2026-02-02T04:53:00.198091,11.39
subject_id,split_no,hostname,start_time,end_time,runtime_seconds
28181545952203,4,g3062,2026-02-02T04:52:50.212106,2026-02-02T04:53:00.829939,10.62
subject_id,split_no,hostname,start_time,end_time,runtime_seconds
28597611781685,5,g3063,2026-02-02T04:52:50.071890,2026-02-02T04:53:03.261937,13.19
subject_id,split_no,hostname,start_time,end_time,runtime_seconds
28777808709070,6,g3042,2026-02-02T04:52:51.594102,2026-02-02T04:53:04.538560,12.94
subject_id,split_no,hostname,start_time,end_time,runtime_seconds
28993716581161,7,g3042,2026-02-02T04:52:54.928991,2026-02-02T04:53:06.217331,11.29
subject_id,split_no,hostname,start_time,end_time,runtime_seconds
27983637270581,3,g3060,2026-02-02T04:53:00.057433,2026-02-02T04:53:10.234308,10.18
subject_id,split_no,hostname,start_time,end_time,runtime_seconds
27896086573534,1,g3053,2026-02-02T04:52:59.286989,2026-02-02T04:53:10.806857,11.52
subject_id,split_no,hostname,start_time,end_time,runtime_seconds
30390669934425,4,g3062,2026-02-02T04:53:00.844238,2026-02-02T04:53:11.471330,10.63
subject_id,split_no,hostname,start_time,end_time,runtime_seconds
30501682770038,5,g3063,2026-02-02T04:53:03.277244,2026-02-02T04:53:13.310672,10.03
subject_id,split_no,hostname,start_time,end_time,runtime_seconds
30650427919742,6,g3042,2026-02-02T04:53:04.550622,2026-02-02T04:53:14.745084,10.19
subject_id,split_no,hostname,start_time,end_time,runtime_seconds
24218688635597,9,g3046,2026-02-02T04:53:00.224863,2026-02-02T04:53:15.726016,15.50
subject_id,split_no,hostname,start_time,end_time,runtime_seconds
30718077526767,7,g3042,2026-02-02T04:53:06.223741,2026-02-02T04:53:17.607014,11.38
subject_id,split_no,hostname,start_time,end_time,runtime_seconds
30287088240713,3,g3060,2026-02-02T04:53:10.248747,2026-02-02T04:53:20.622841,10.37
subject_id,split_no,hostname,start_time,end_time,runtime_seconds
30223399781499,1,g3053,2026-02-02T04:53:10.823540,2026-02-02T04:53:20.746737,9.92
subject_id,split_no,hostname,start_time,end_time,runtime_seconds
31641093204866,4,g3062,2026-02-02T04:53:11.489495,2026-02-02T04:53:22.332171,10.84
subject_id,split_no,hostname,start_time,end_time,runtime_seconds
25639609314537,9,g3046,2026-02-02T04:53:15.740586,2026-02-02T04:53:25.831085,10.09
subject_id,split_no,hostname,start_time,end_time,runtime_seconds
21802600731288,8,g3044,2026-02-02T04:52:59.560122,2026-02-02T04:53:27.046795,27.49
subject_id,split_no,hostname,start_time,end_time,runtime_seconds
32187582546363,6,g3042,2026-02-02T04:53:14.753208,2026-02-02T04:53:27.674882,12.92
subject_id,split_no,hostname,start_time,end_time,runtime_seconds
32001092620149,5,g3063,2026-02-02T04:53:13.318872,2026-02-02T04:53:28.964589,15.65
subject_id,split_no,hostname,start_time,end_time,runtime_seconds
32226512142846,7,g3042,2026-02-02T04:53:17.616153,2026-02-02T04:53:32.002199,14.39
subject_id,split_no,hostname,start_time,end_time,runtime_seconds
31351035633578,1,g3053,2026-02-02T04:53:20.767843,2026-02-02T04:53:32.997244,12.23
subject_id,split_no,hostname,start_time,end_time,runtime_seconds
33752435803828,4,g3062,2026-02-02T04:53:22.343362,2026-02-02T04:53:33.224881,10.88
subject_id,split_no,hostname,start_time,end_time,runtime_seconds
31587484358496,3,g3060,2026-02-02T04:53:20.637418,2026-02-02T04:53:34.435616,13.80
subject_id,split_no,hostname,start_time,end_time,runtime_seconds
27688522025372,9,g3046,2026-02-02T04:53:25.845335,2026-02-02T04:53:37.245657,11.40
subject_id,split_no,hostname,start_time,end_time,runtime_seconds
36201305796834,6,g3042,2026-02-02T04:53:27.689306,2026-02-02T04:53:38.380771,10.69
subject_id,split_no,hostname,start_time,end_time,runtime_seconds
35918397061286,5,g3063,2026-02-02T04:53:28.973312,2026-02-02T04:53:39.676162,10.70
subject_id,split_no,hostname,start_time,end_time,runtime_seconds
36361143111330,7,g3042,2026-02-02T04:53:32.007299,2026-02-02T04:53:42.350611,10.34
subject_id,split_no,hostname,start_time,end_time,runtime_seconds
43717166913394,4,g3062,2026-02-02T04:53:33.239118,2026-02-02T04:53:44.235824,11.00
subject_id,split_no,hostname,start_time,end_time,runtime_seconds
33660050820860,1,g3053,2026-02-02T04:53:33.018265,2026-02-02T04:53:44.357995,11.34
subject_id,split_no,hostname,start_time,end_time,runtime_seconds
33718969393831,3,g3060,2026-02-02T04:53:34.451088,2026-02-02T04:53:44.566037,10.11
subject_id,split_no,hostname,start_time,end_time,runtime_seconds
29626022997414,9,g3046,2026-02-02T04:53:37.258431,2026-02-02T04:53:47.683556,10.43
subject_id,split_no,hostname,start_time,end_time,runtime_seconds
45305246589934,6,g3042,2026-02-02T04:53:38.392678,2026-02-02T04:53:49.056328,10.66
subject_id,split_no,hostname,start_time,end_time,runtime_seconds
45203724572086,5,g3063,2026-02-02T04:53:39.695694,2026-02-02T04:53:51.107074,11.41
subject_id,split_no,hostname,start_time,end_time,runtime_seconds
45379130198598,7,g3042,2026-02-02T04:53:42.358713,2026-02-02T04:53:52.439443,10.08
subject_id,split_no,hostname,start_time,end_time,runtime_seconds
41466768058195,3,g3060,2026-02-02T04:53:44.578407,2026-02-02T04:53:54.967019,10.39
subject_id,split_no,hostname,start_time,end_time,runtime_seconds
40517844001162,1,g3053,2026-02-02T04:53:44.376436,2026-02-02T04:53:55.319208,10.94
subject_id,split_no,hostname,start_time,end_time,runtime_seconds
30809796368199,9,g3046,2026-02-02T04:53:47.695950,2026-02-02T04:53:57.916059,10.22
subject_id,split_no,hostname,start_time,end_time,runtime_seconds
50276292875695,4,g3062,2026-02-02T04:53:44.258852,2026-02-02T04:53:58.481837,14.22
subject_id,split_no,hostname,start_time,end_time,runtime_seconds
59243724971828,6,g3042,2026-02-02T04:53:49.070797,2026-02-02T04:53:59.662879,10.59
subject_id,split_no,hostname,start_time,end_time,runtime_seconds
22654131857264,8,g3044,2026-02-02T04:53:27.068557,2026-02-02T04:53:59.736340,32.67
subject_id,split_no,hostname,start_time,end_time,runtime_seconds
57059342504789,5,g3063,2026-02-02T04:53:51.118354,2026-02-02T04:54:01.450213,10.33
subject_id,split_no,hostname,start_time,end_time,runtime_seconds
49244676843532,3,g3060,2026-02-02T04:53:54.974498,2026-02-02T04:54:05.148898,10.17
subject_id,split_no,hostname,start_time,end_time,runtime_seconds
59499886691466,7,g3042,2026-02-02T04:53:52.449031,2026-02-02T04:54:05.203047,12.75
subject_id,split_no,hostname,start_time,end_time,runtime_seconds
47982566359889,1,g3053,2026-02-02T04:53:55.376397,2026-02-02T04:54:05.575152,10.20
subject_id,split_no,hostname,start_time,end_time,runtime_seconds
32767378073475,9,g3046,2026-02-02T04:53:57.933309,2026-02-02T04:54:09.410463,11.48
subject_id,split_no,hostname,start_time,end_time,runtime_seconds
77553978098979,6,g3042,2026-02-02T04:53:59.677057,2026-02-02T04:54:10.632347,10.96
subject_id,split_no,hostname,start_time,end_time,runtime_seconds
76084158638666,4,g3062,2026-02-02T04:53:58.497895,2026-02-02T04:54:11.542844,13.04
subject_id,split_no,hostname,start_time,end_time,runtime_seconds
78826126469594,7,g3042,2026-02-02T04:54:05.211121,2026-02-02T04:54:15.414715,10.20
subject_id,split_no,hostname,start_time,end_time,runtime_seconds
65715967822251,1,g3053,2026-02-02T04:54:05.587015,2026-02-02T04:54:15.862863,10.28
subject_id,split_no,hostname,start_time,end_time,runtime_seconds
76811337679033,5,g3063,2026-02-02T04:54:01.462800,2026-02-02T04:54:16.119967,14.66
subject_id,split_no,hostname,start_time,end_time,runtime_seconds
71849017280872,3,g3060,2026-02-02T04:54:05.156450,2026-02-02T04:54:17.628996,12.47
subject_id,split_no,hostname,start_time,end_time,runtime_seconds
89573218664301,6,g3042,2026-02-02T04:54:10.644387,2026-02-02T04:54:21.281588,10.64
subject_id,split_no,hostname,start_time,end_time,runtime_seconds
38673156607957,9,g3046,2026-02-02T04:54:09.424156,2026-02-02T04:54:22.109337,12.69
subject_id,split_no,hostname,start_time,end_time,runtime_seconds
88701623027519,4,g3062,2026-02-02T04:54:11.562342,2026-02-02T04:54:22.233134,10.67
subject_id,split_no,hostname,start_time,end_time,runtime_seconds
90024861092544,7,g3042,2026-02-02T04:54:15.428409,2026-02-02T04:54:26.035995,10.61
subject_id,split_no,hostname,start_time,end_time,runtime_seconds
88976336920958,5,g3063,2026-02-02T04:54:16.136723,2026-02-02T04:54:26.872859,10.74
subject_id,split_no,hostname,start_time,end_time,runtime_seconds
84898953059284,1,g3053,2026-02-02T04:54:15.872388,2026-02-02T04:54:27.410404,11.54
subject_id,split_no,hostname,start_time,end_time,runtime_seconds
86494014107780,3,g3060,2026-02-02T04:54:17.642931,2026-02-02T04:54:28.427385,10.78
subject_id,split_no,hostname,start_time,end_time,runtime_seconds
24081053373989,8,g3044,2026-02-02T04:53:59.751326,2026-02-02T04:54:28.606661,28.86
subject_id,split_no,hostname,start_time,end_time,runtime_seconds
46240253759706,9,g3046,2026-02-02T04:54:22.130619,2026-02-02T04:54:33.498145,11.37
subject_id,split_no,hostname,start_time,end_time,runtime_seconds
62146545467058,9,g3046,2026-02-02T04:54:33.509695,2026-02-02T04:54:43.918811,10.41
subject_id,split_no,hostname,start_time,end_time,runtime_seconds
25571147667431,8,g3044,2026-02-02T04:54:28.621016,2026-02-02T04:54:53.102402,24.48
subject_id,split_no,hostname,start_time,end_time,runtime_seconds
82298679836592,9,g3046,2026-02-02T04:54:43.926507,2026-02-02T04:54:53.903218,9.98
subject_id,split_no,hostname,start_time,end_time,runtime_seconds
99542841613815,9,g3046,2026-02-02T04:54:53.920155,2026-02-02T04:55:05.095960,11.18
subject_id,split_no,hostname,start_time,end_time,runtime_seconds
27573818526654,8,g3044,2026-02-02T04:54:53.115773,2026-02-02T04:55:15.229811,22.11
subject_id,split_no,hostname,start_time,end_time,runtime_seconds
29164716624643,8,g3044,2026-02-02T04:55:15.252504,2026-02-02T04:55:41.592769,26.34
subject_id,split_no,hostname,start_time,end_time,runtime_seconds
30773833734707,8,g3044,2026-02-02T04:55:41.602425,2026-02-02T04:56:05.388546,23.79
subject_id,split_no,hostname,start_time,end_time,runtime_seconds
32535921321911,8,g3044,2026-02-02T04:56:05.393241,2026-02-02T04:56:28.981550,23.59
subject_id,split_no,hostname,start_time,end_time,runtime_seconds
36377400251983,8,g3044,2026-02-02T04:56:29.016526,2026-02-02T04:56:55.879871,26.86
subject_id,split_no,hostname,start_time,end_time,runtime_seconds
45519297964635,8,g3044,2026-02-02T04:56:55.888740,2026-02-02T04:57:19.879931,23.99
subject_id,split_no,hostname,start_time,end_time,runtime_seconds
59945412009507,8,g3044,2026-02-02T04:57:19.885238,2026-02-02T04:57:48.196803,28.31
subject_id,split_no,hostname,start_time,end_time,runtime_seconds
79138744870647,8,g3044,2026-02-02T04:57:48.203808,2026-02-02T04:58:15.513544,27.31
subject_id,split_no,hostname,start_time,end_time,runtime_seconds
93491128291443,8,g3044,2026-02-02T04:58:15.520472,2026-02-02T04:58:37.796911,22.28
subject_id,split_no,hostname,start_time,end_time,runtime_seconds
11495363861930,6,g3060,2026-02-02T05:00:01.153400,2026-02-02T05:00:13.179869,12.03
subject_id,split_no,hostname,start_time,end_time,runtime_seconds
11793095403620,7,g3062,2026-02-02T05:00:01.140679,2026-02-02T05:00:14.244006,13.10
subject_id,split_no,hostname,start_time,end_time,runtime_seconds
11868547770861,8,g3063,2026-02-02T05:00:01.153932,2026-02-02T05:00:16.111225,14.96
subject_id,split_no,hostname,start_time,end_time,runtime_seconds
11961775761525,9,g3042,2026-02-02T05:00:01.148950,2026-02-02T05:00:17.215789,16.07
subject_id,split_no,hostname,start_time,end_time,runtime_seconds
10064774423088,0,g3052,2026-02-02T05:00:01.695800,2026-02-02T05:00:17.997693,16.30
subject_id,split_no,hostname,start_time,end_time,runtime_seconds
10398309591377,3,g3070,2026-02-02T05:00:01.783886,2026-02-02T05:00:18.161280,16.38
subject_id,split_no,hostname,start_time,end_time,runtime_seconds
10114964023436,1,g3053,2026-02-02T05:00:01.700992,2026-02-02T05:00:18.484666,16.78
subject_id,split_no,hostname,start_time,end_time,runtime_seconds
10244062723965,2,g3053,2026-02-02T05:00:01.700867,2026-02-02T05:00:20.686984,18.99
subject_id,split_no,hostname,start_time,end_time,runtime_seconds
12672270699804,6,g3060,2026-02-02T05:00:13.294425,2026-02-02T05:00:24.564368,11.27
subject_id,split_no,hostname,start_time,end_time,runtime_seconds
13022952193695,8,g3063,2026-02-02T05:00:16.125173,2026-02-02T05:00:26.907677,10.78
subject_id,split_no,hostname,start_time,end_time,runtime_seconds
13215970035309,9,g3042,2026-02-02T05:00:17.226328,2026-02-02T05:00:27.286970,10.06
subject_id,split_no,hostname,start_time,end_time,runtime_seconds
12685165126954,7,g3062,2026-02-02T05:00:14.258531,2026-02-02T05:00:27.869696,13.61
subject_id,split_no,hostname,start_time,end_time,runtime_seconds
12167198495341,0,g3052,2026-02-02T05:00:18.012167,2026-02-02T05:00:28.033939,10.02
subject_id,split_no,hostname,start_time,end_time,runtime_seconds
12483336067346,3,g3070,2026-02-02T05:00:18.173392,2026-02-02T05:00:28.799284,10.63
subject_id,split_no,hostname,start_time,end_time,runtime_seconds
12266467217442,1,g3053,2026-02-02T05:00:18.495610,2026-02-02T05:00:28.984760,10.49
subject_id,split_no,hostname,start_time,end_time,runtime_seconds
10429562789336,4,g3072,2026-02-02T05:00:13.129563,2026-02-02T05:00:31.343679,18.21
subject_id,split_no,hostname,start_time,end_time,runtime_seconds
12295585158434,2,g3053,2026-02-02T05:00:20.694438,2026-02-02T05:00:34.543533,13.85
subject_id,split_no,hostname,start_time,end_time,runtime_seconds
15668000246431,6,g3060,2026-02-02T05:00:24.577931,2026-02-02T05:00:34.685749,10.11
subject_id,split_no,hostname,start_time,end_time,runtime_seconds
16058787153001,8,g3063,2026-02-02T05:00:26.932459,2026-02-02T05:00:37.019656,10.09
subject_id,split_no,hostname,start_time,end_time,runtime_seconds
16228664760455,9,g3042,2026-02-02T05:00:27.306563,2026-02-02T05:00:37.327142,10.02
subject_id,split_no,hostname,start_time,end_time,runtime_seconds
13799268563035,0,g3052,2026-02-02T05:00:28.051001,2026-02-02T05:00:37.937869,9.89
subject_id,split_no,hostname,start_time,end_time,runtime_seconds
15937880385805,7,g3062,2026-02-02T05:00:27.884263,2026-02-02T05:00:38.595339,10.71
subject_id,split_no,hostname,start_time,end_time,runtime_seconds
14762184019761,3,g3070,2026-02-02T05:00:28.812205,2026-02-02T05:00:39.470167,10.66
subject_id,split_no,hostname,start_time,end_time,runtime_seconds
13982414451514,1,g3053,2026-02-02T05:00:28.997551,2026-02-02T05:00:39.528764,10.53
subject_id,split_no,hostname,start_time,end_time,runtime_seconds
16841296268084,6,g3060,2026-02-02T05:00:34.703382,2026-02-02T05:00:44.682065,9.98
subject_id,split_no,hostname,start_time,end_time,runtime_seconds
14125911381782,2,g3053,2026-02-02T05:00:34.553309,2026-02-02T05:00:46.063082,11.51
subject_id,split_no,hostname,start_time,end_time,runtime_seconds
12603555538074,4,g3072,2026-02-02T05:00:31.354784,2026-02-02T05:00:47.434003,16.08
subject_id,split_no,hostname,start_time,end_time,runtime_seconds
17101939938068,9,g3042,2026-02-02T05:00:37.340712,2026-02-02T05:00:48.522044,11.18
subject_id,split_no,hostname,start_time,end_time,runtime_seconds
16886552183776,7,g3062,2026-02-02T05:00:38.609370,2026-02-02T05:00:49.222753,10.61
subject_id,split_no,hostname,start_time,end_time,runtime_seconds
16375427841703,1,g3053,2026-02-02T05:00:39.545907,2026-02-02T05:00:49.752184,10.21
subject_id,split_no,hostname,start_time,end_time,runtime_seconds
16926185273548,8,g3063,2026-02-02T05:00:37.030283,2026-02-02T05:00:51.016858,13.99
subject_id,split_no,hostname,start_time,end_time,runtime_seconds
16339919319697,0,g3052,2026-02-02T05:00:37.954817,2026-02-02T05:00:51.515383,13.56
subject_id,split_no,hostname,start_time,end_time,runtime_seconds
16596482480503,3,g3070,2026-02-02T05:00:39.483574,2026-02-02T05:00:51.768703,12.29
subject_id,split_no,hostname,start_time,end_time,runtime_seconds
17641413509638,6,g3060,2026-02-02T05:00:44.691137,2026-02-02T05:00:56.514799,11.82
subject_id,split_no,hostname,start_time,end_time,runtime_seconds
16580717943140,2,g3053,2026-02-02T05:00:46.079423,2026-02-02T05:00:56.611277,10.53
subject_id,split_no,hostname,start_time,end_time,runtime_seconds
18178570365313,9,g3042,2026-02-02T05:00:48.534879,2026-02-02T05:00:58.860053,10.33
subject_id,split_no,hostname,start_time,end_time,runtime_seconds
17262617574870,1,g3053,2026-02-02T05:00:49.773346,2026-02-02T05:01:00.377625,10.60
subject_id,split_no,hostname,start_time,end_time,runtime_seconds
17816672235957,7,g3062,2026-02-02T05:00:49.234514,2026-02-02T05:01:00.541638,11.31
subject_id,split_no,hostname,start_time,end_time,runtime_seconds
17927755785666,8,g3063,2026-02-02T05:00:51.021916,2026-02-02T05:01:00.993502,9.97
subject_id,split_no,hostname,start_time,end_time,runtime_seconds
17438703990611,3,g3070,2026-02-02T05:00:51.780502,2026-02-02T05:01:02.202384,10.42
subject_id,split_no,hostname,start_time,end_time,runtime_seconds
17236206359109,0,g3052,2026-02-02T05:00:51.525722,2026-02-02T05:01:02.424690,10.90
subject_id,split_no,hostname,start_time,end_time,runtime_seconds
14922568896202,4,g3072,2026-02-02T05:00:47.452731,2026-02-02T05:01:05.075131,17.62
subject_id,split_no,hostname,start_time,end_time,runtime_seconds
18900019516078,6,g3060,2026-02-02T05:00:56.526496,2026-02-02T05:01:08.328197,11.80
subject_id,split_no,hostname,start_time,end_time,runtime_seconds
17393945148956,2,g3053,2026-02-02T05:00:56.627942,2026-02-02T05:01:08.734477,12.11
subject_id,split_no,hostname,start_time,end_time,runtime_seconds
19247185345726,9,g3042,2026-02-02T05:00:58.877895,2026-02-02T05:01:09.182921,10.31
subject_id,split_no,hostname,start_time,end_time,runtime_seconds
19216744737641,8,g3063,2026-02-02T05:01:01.003719,2026-02-02T05:01:11.528337,10.52
subject_id,split_no,hostname,start_time,end_time,runtime_seconds
19173649379441,7,g3062,2026-02-02T05:01:00.560189,2026-02-02T05:01:11.612258,11.05
subject_id,split_no,hostname,start_time,end_time,runtime_seconds
18197100217970,1,g3053,2026-02-02T05:01:00.435281,2026-02-02T05:01:12.287986,11.85
subject_id,split_no,hostname,start_time,end_time,runtime_seconds
18593047283669,3,g3070,2026-02-02T05:01:02.216131,2026-02-02T05:01:13.353340,11.14
subject_id,split_no,hostname,start_time,end_time,runtime_seconds
18188206483800,0,g3052,2026-02-02T05:01:02.441005,2026-02-02T05:01:14.687521,12.25
subject_id,split_no,hostname,start_time,end_time,runtime_seconds
21845623478439,9,g3042,2026-02-02T05:01:09.199091,2026-02-02T05:01:19.596655,10.40
subject_id,split_no,hostname,start_time,end_time,runtime_seconds
16635154909336,4,g3072,2026-02-02T05:01:05.083412,2026-02-02T05:01:20.722670,15.64
subject_id,split_no,hostname,start_time,end_time,runtime_seconds
21802600731288,8,g3063,2026-02-02T05:01:11.536345,2026-02-02T05:01:21.918640,10.38
subject_id,split_no,hostname,start_time,end_time,runtime_seconds
21761046488110,7,g3062,2026-02-02T05:01:11.626620,2026-02-02T05:01:22.435000,10.81
subject_id,split_no,hostname,start_time,end_time,runtime_seconds
20227712453519,1,g3053,2026-02-02T05:01:12.304385,2026-02-02T05:01:22.731975,10.43
subject_id,split_no,hostname,start_time,end_time,runtime_seconds
10441917611067,5,g3073,2026-02-02T05:00:10.110312,2026-02-02T05:01:24.252154,74.14
subject_id,split_no,hostname,start_time,end_time,runtime_seconds
18587545975395,2,g3053,2026-02-02T05:01:08.743760,2026-02-02T05:01:24.318708,15.57
subject_id,split_no,hostname,start_time,end_time,runtime_seconds
19515069348763,0,g3052,2026-02-02T05:01:14.700603,2026-02-02T05:01:26.433638,11.73
subject_id,split_no,hostname,start_time,end_time,runtime_seconds
20753900311247,3,g3070,2026-02-02T05:01:13.375578,2026-02-02T05:01:28.629814,15.25
subject_id,split_no,hostname,start_time,end_time,runtime_seconds
22734740452340,9,g3042,2026-02-02T05:01:19.605489,2026-02-02T05:01:31.262713,11.66
subject_id,split_no,hostname,start_time,end_time,runtime_seconds
22649012359469,7,g3062,2026-02-02T05:01:22.456471,2026-02-02T05:01:33.010978,10.55
subject_id,split_no,hostname,start_time,end_time,runtime_seconds
17473147525541,4,g3072,2026-02-02T05:01:20.737806,2026-02-02T05:01:36.193943,15.46
subject_id,split_no,hostname,start_time,end_time,runtime_seconds
21912957831748,1,g3053,2026-02-02T05:01:22.744057,2026-02-02T05:01:36.655620,13.91
subject_id,split_no,hostname,start_time,end_time,runtime_seconds
20567292369503,2,g3053,2026-02-02T05:01:24.339766,2026-02-02T05:01:36.706810,12.37
subject_id,split_no,hostname,start_time,end_time,runtime_seconds
21909463934838,0,g3052,2026-02-02T05:01:26.443171,2026-02-02T05:01:38.339860,11.90
subject_id,split_no,hostname,start_time,end_time,runtime_seconds
22654131857264,8,g3063,2026-02-02T05:01:21.931427,2026-02-02T05:01:39.047378,17.12
subject_id,split_no,hostname,start_time,end_time,runtime_seconds
12610730367854,5,g3073,2026-02-02T05:01:24.269755,2026-02-02T05:01:40.528605,16.26
subject_id,split_no,hostname,start_time,end_time,runtime_seconds
22222013311100,3,g3070,2026-02-02T05:01:28.646979,2026-02-02T05:01:40.674953,12.03
subject_id,split_no,hostname,start_time,end_time,runtime_seconds
23560806231745,7,g3062,2026-02-02T05:01:33.022826,2026-02-02T05:01:45.318237,12.30
subject_id,split_no,hostname,start_time,end_time,runtime_seconds
24218688635597,9,g3042,2026-02-02T05:01:31.273148,2026-02-02T05:01:47.210663,15.94
subject_id,split_no,hostname,start_time,end_time,runtime_seconds
22739958691056,0,g3052,2026-02-02T05:01:38.349638,2026-02-02T05:01:47.701771,9.35
subject_id,split_no,hostname,start_time,end_time,runtime_seconds
22783198456254,1,g3053,2026-02-02T05:01:36.671851,2026-02-02T05:01:50.974674,14.30
subject_id,split_no,hostname,start_time,end_time,runtime_seconds
22029752470512,2,g3053,2026-02-02T05:01:36.727923,2026-02-02T05:01:51.168176,14.44
subject_id,split_no,hostname,start_time,end_time,runtime_seconds
24081053373989,8,g3063,2026-02-02T05:01:39.051704,2026-02-02T05:01:51.229669,12.18
subject_id,split_no,hostname,start_time,end_time,runtime_seconds
23218855559881,3,g3070,2026-02-02T05:01:40.690279,2026-02-02T05:01:53.015995,12.33
subject_id,split_no,hostname,start_time,end_time,runtime_seconds
18656989117944,4,g3072,2026-02-02T05:01:36.209838,2026-02-02T05:01:55.246825,19.04
subject_id,split_no,hostname,start_time,end_time,runtime_seconds
24429041449362,0,g3052,2026-02-02T05:01:47.715551,2026-02-02T05:01:57.685380,9.97
subject_id,split_no,hostname,start_time,end_time,runtime_seconds
25549124438619,7,g3062,2026-02-02T05:01:45.329265,2026-02-02T05:01:58.188175,12.86
subject_id,split_no,hostname,start_time,end_time,runtime_seconds
14938670040464,5,g3073,2026-02-02T05:01:40.545383,2026-02-02T05:01:59.621458,19.08
subject_id,split_no,hostname,start_time,end_time,runtime_seconds
25639609314537,9,g3042,2026-02-02T05:01:47.230547,2026-02-02T05:02:01.409935,14.18
subject_id,split_no,hostname,start_time,end_time,runtime_seconds
25571147667431,8,g3063,2026-02-02T05:01:51.238130,2026-02-02T05:02:02.307700,11.07
subject_id,split_no,hostname,start_time,end_time,runtime_seconds
23148363972280,2,g3053,2026-02-02T05:01:51.176572,2026-02-02T05:02:03.781289,12.60
subject_id,split_no,hostname,start_time,end_time,runtime_seconds
24551911631824,1,g3053,2026-02-02T05:01:50.985127,2026-02-02T05:02:07.256326,16.27
subject_id,split_no,hostname,start_time,end_time,runtime_seconds
26098224140177,0,g3052,2026-02-02T05:01:57.701922,2026-02-02T05:02:07.777956,10.08
subject_id,split_no,hostname,start_time,end_time,runtime_seconds
25097313172624,3,g3070,2026-02-02T05:01:53.028663,2026-02-02T05:02:08.202037,15.17
subject_id,split_no,hostname,start_time,end_time,runtime_seconds
20802163963645,4,g3072,2026-02-02T05:01:55.262657,2026-02-02T05:02:09.638326,14.38
subject_id,split_no,hostname,start_time,end_time,runtime_seconds
27573818526654,8,g3063,2026-02-02T05:02:02.318859,2026-02-02T05:02:12.853864,10.53
subject_id,split_no,hostname,start_time,end_time,runtime_seconds
27493821342368,7,g3062,2026-02-02T05:01:58.201311,2026-02-02T05:02:12.957670,14.76
subject_id,split_no,hostname,start_time,end_time,runtime_seconds
27688522025372,9,g3042,2026-02-02T05:02:01.423731,2026-02-02T05:02:13.041264,11.62
subject_id,split_no,hostname,start_time,end_time,runtime_seconds
24626801357217,2,g3053,2026-02-02T05:02:03.791442,2026-02-02T05:02:16.825879,13.03
subject_id,split_no,hostname,start_time,end_time,runtime_seconds
27756622012770,0,g3052,2026-02-02T05:02:07.791108,2026-02-02T05:02:18.371670,10.58
subject_id,split_no,hostname,start_time,end_time,runtime_seconds
16741868665515,5,g3073,2026-02-02T05:01:59.638905,2026-02-02T05:02:20.300795,20.66
subject_id,split_no,hostname,start_time,end_time,runtime_seconds
26893343487601,3,g3070,2026-02-02T05:02:08.212831,2026-02-02T05:02:20.850443,12.64
subject_id,split_no,hostname,start_time,end_time,runtime_seconds
26833157256271,1,g3053,2026-02-02T05:02:07.260303,2026-02-02T05:02:21.257468,14.00
subject_id,split_no,hostname,start_time,end_time,runtime_seconds
29626022997414,9,g3042,2026-02-02T05:02:13.049204,2026-02-02T05:02:23.703330,10.65
subject_id,split_no,hostname,start_time,end_time,runtime_seconds
28993716581161,7,g3062,2026-02-02T05:02:12.970525,2026-02-02T05:02:24.551788,11.58
subject_id,split_no,hostname,start_time,end_time,runtime_seconds
29164716624643,8,g3063,2026-02-02T05:02:12.863857,2026-02-02T05:02:24.911110,12.05
subject_id,split_no,hostname,start_time,end_time,runtime_seconds
26858321694770,2,g3053,2026-02-02T05:02:16.841651,2026-02-02T05:02:28.443055,11.60
subject_id,split_no,hostname,start_time,end_time,runtime_seconds
29906987659391,0,g3052,2026-02-02T05:02:18.399619,2026-02-02T05:02:29.240366,10.84
subject_id,split_no,hostname,start_time,end_time,runtime_seconds
22340848740056,4,g3072,2026-02-02T05:02:09.654881,2026-02-02T05:02:29.805454,20.15
subject_id,split_no,hostname,start_time,end_time,runtime_seconds
27983637270581,3,g3070,2026-02-02T05:02:20.867714,2026-02-02T05:02:31.287230,10.42
subject_id,split_no,hostname,start_time,end_time,runtime_seconds
27896086573534,1,g3053,2026-02-02T05:02:21.270230,2026-02-02T05:02:32.980912,11.71
subject_id,split_no,hostname,start_time,end_time,runtime_seconds
17508842326859,5,g3073,2026-02-02T05:02:20.310603,2026-02-02T05:02:33.649069,13.34
subject_id,split_no,hostname,start_time,end_time,runtime_seconds
30809796368199,9,g3042,2026-02-02T05:02:23.714119,2026-02-02T05:02:34.170335,10.46
subject_id,split_no,hostname,start_time,end_time,runtime_seconds
30773833734707,8,g3063,2026-02-02T05:02:24.921212,2026-02-02T05:02:35.873792,10.95
subject_id,split_no,hostname,start_time,end_time,runtime_seconds
30718077526767,7,g3062,2026-02-02T05:02:24.565659,2026-02-02T05:02:36.173815,11.61
subject_id,split_no,hostname,start_time,end_time,runtime_seconds
27900479268080,2,g3053,2026-02-02T05:02:28.456926,2026-02-02T05:02:38.715672,10.26
subject_id,split_no,hostname,start_time,end_time,runtime_seconds
30287088240713,3,g3070,2026-02-02T05:02:31.306525,2026-02-02T05:02:41.701630,10.40
subject_id,split_no,hostname,start_time,end_time,runtime_seconds
30223399781499,1,g3053,2026-02-02T05:02:32.994368,2026-02-02T05:02:43.266231,10.27
subject_id,split_no,hostname,start_time,end_time,runtime_seconds
31106616463767,0,g3052,2026-02-02T05:02:29.254770,2026-02-02T05:02:43.404637,14.15
subject_id,split_no,hostname,start_time,end_time,runtime_seconds
32767378073475,9,g3042,2026-02-02T05:02:34.182759,2026-02-02T05:02:45.833114,11.65
subject_id,split_no,hostname,start_time,end_time,runtime_seconds
18859300738112,5,g3073,2026-02-02T05:02:33.659515,2026-02-02T05:02:46.305088,12.65
subject_id,split_no,hostname,start_time,end_time,runtime_seconds
32535921321911,8,g3063,2026-02-02T05:02:35.882091,2026-02-02T05:02:46.510518,10.63
subject_id,split_no,hostname,start_time,end_time,runtime_seconds
23274951412464,4,g3072,2026-02-02T05:02:29.820755,2026-02-02T05:02:47.284115,17.46
subject_id,split_no,hostname,start_time,end_time,runtime_seconds
32226512142846,7,g3062,2026-02-02T05:02:36.193605,2026-02-02T05:02:51.083221,14.89
subject_id,split_no,hostname,start_time,end_time,runtime_seconds
30249571217369,2,g3053,2026-02-02T05:02:38.727620,2026-02-02T05:02:52.532829,13.81
subject_id,split_no,hostname,start_time,end_time,runtime_seconds
33518721637620,0,g3052,2026-02-02T05:02:43.415355,2026-02-02T05:02:53.289847,9.87
subject_id,split_no,hostname,start_time,end_time,runtime_seconds
31587484358496,3,g3070,2026-02-02T05:02:41.713846,2026-02-02T05:02:55.718404,14.00
subject_id,split_no,hostname,start_time,end_time,runtime_seconds
31351035633578,1,g3053,2026-02-02T05:02:43.275587,2026-02-02T05:02:56.200185,12.92
subject_id,split_no,hostname,start_time,end_time,runtime_seconds
36377400251983,8,g3063,2026-02-02T05:02:46.522672,2026-02-02T05:02:58.013470,11.49
subject_id,split_no,hostname,start_time,end_time,runtime_seconds
20928443018612,5,g3073,2026-02-02T05:02:46.317738,2026-02-02T05:02:58.945616,12.63
subject_id,split_no,hostname,start_time,end_time,runtime_seconds
38673156607957,9,g3042,2026-02-02T05:02:45.844787,2026-02-02T05:02:59.168560,13.32
subject_id,split_no,hostname,start_time,end_time,runtime_seconds
36361143111330,7,g3062,2026-02-02T05:02:51.094823,2026-02-02T05:03:01.617839,10.52
subject_id,split_no,hostname,start_time,end_time,runtime_seconds
25242073263098,4,g3072,2026-02-02T05:02:47.292310,2026-02-02T05:03:04.956743,17.66
subject_id,split_no,hostname,start_time,end_time,runtime_seconds
40378064041205,0,g3052,2026-02-02T05:02:53.306474,2026-02-02T05:03:05.272910,11.97
subject_id,split_no,hostname,start_time,end_time,runtime_seconds
33718969393831,3,g3070,2026-02-02T05:02:55.726922,2026-02-02T05:03:06.034850,10.31
subject_id,split_no,hostname,start_time,end_time,runtime_seconds
33660050820860,1,g3053,2026-02-02T05:02:56.229199,2026-02-02T05:03:08.001365,11.77
subject_id,split_no,hostname,start_time,end_time,runtime_seconds
45519297964635,8,g3063,2026-02-02T05:02:58.022970,2026-02-02T05:03:09.169623,11.15
subject_id,split_no,hostname,start_time,end_time,runtime_seconds
31513092502755,2,g3053,2026-02-02T05:02:52.549991,2026-02-02T05:03:09.764312,17.21
subject_id,split_no,hostname,start_time,end_time,runtime_seconds
46240253759706,9,g3042,2026-02-02T05:02:59.181694,2026-02-02T05:03:10.635572,11.45
subject_id,split_no,hostname,start_time,end_time,runtime_seconds
45379130198598,7,g3062,2026-02-02T05:03:01.631685,2026-02-02T05:03:11.867648,10.24
subject_id,split_no,hostname,start_time,end_time,runtime_seconds
22478736382873,5,g3073,2026-02-02T05:02:58.981589,2026-02-02T05:03:12.232971,13.25
subject_id,split_no,hostname,start_time,end_time,runtime_seconds
46975302291393,0,g3052,2026-02-02T05:03:05.286472,2026-02-02T05:03:15.598447,10.31
subject_id,split_no,hostname,start_time,end_time,runtime_seconds
41466768058195,3,g3070,2026-02-02T05:03:06.049075,2026-02-02T05:03:16.510902,10.46
subject_id,split_no,hostname,start_time,end_time,runtime_seconds
27006137583344,4,g3072,2026-02-02T05:03:04.969054,2026-02-02T05:03:18.883935,13.91
subject_id,split_no,hostname,start_time,end_time,runtime_seconds
40517844001162,1,g3053,2026-02-02T05:03:08.013527,2026-02-02T05:03:19.001917,10.99
subject_id,split_no,hostname,start_time,end_time,runtime_seconds
33690685722826,2,g3053,2026-02-02T05:03:09.773091,2026-02-02T05:03:20.769651,11.00
subject_id,split_no,hostname,start_time,end_time,runtime_seconds
62146545467058,9,g3042,2026-02-02T05:03:10.652054,2026-02-02T05:03:21.024421,10.37
subject_id,split_no,hostname,start_time,end_time,runtime_seconds
59945412009507,8,g3063,2026-02-02T05:03:09.181077,2026-02-02T05:03:21.780471,12.60
subject_id,split_no,hostname,start_time,end_time,runtime_seconds
23281773745711,5,g3073,2026-02-02T05:03:12.251356,2026-02-02T05:03:24.233302,11.98
subject_id,split_no,hostname,start_time,end_time,runtime_seconds
59499886691466,7,g3062,2026-02-02T05:03:11.885659,2026-02-02T05:03:25.091586,13.21
subject_id,split_no,hostname,start_time,end_time,runtime_seconds
62692215849422,0,g3052,2026-02-02T05:03:15.610914,2026-02-02T05:03:25.520573,9.91
subject_id,split_no,hostname,start_time,end_time,runtime_seconds
49244676843532,3,g3070,2026-02-02T05:03:16.526751,2026-02-02T05:03:27.374335,10.85
subject_id,split_no,hostname,start_time,end_time,runtime_seconds
47982566359889,1,g3053,2026-02-02T05:03:19.018332,2026-02-02T05:03:29.858355,10.84
subject_id,split_no,hostname,start_time,end_time,runtime_seconds
82298679836592,9,g3042,2026-02-02T05:03:21.036983,2026-02-02T05:03:31.234917,10.20
subject_id,split_no,hostname,start_time,end_time,runtime_seconds
40655222067688,2,g3053,2026-02-02T05:03:20.776583,2026-02-02T05:03:33.209535,12.43
subject_id,split_no,hostname,start_time,end_time,runtime_seconds
79138744870647,8,g3063,2026-02-02T05:03:21.790133,2026-02-02T05:03:34.517264,12.73
subject_id,split_no,hostname,start_time,end_time,runtime_seconds
28181545952203,4,g3072,2026-02-02T05:03:18.897258,2026-02-02T05:03:34.955005,16.06
subject_id,split_no,hostname,start_time,end_time,runtime_seconds
84541548076919,0,g3052,2026-02-02T05:03:25.531261,2026-02-02T05:03:35.244909,9.71
subject_id,split_no,hostname,start_time,end_time,runtime_seconds
78826126469594,7,g3062,2026-02-02T05:03:25.103563,2026-02-02T05:03:35.557923,10.45
subject_id,split_no,hostname,start_time,end_time,runtime_seconds
25310981994593,5,g3073,2026-02-02T05:03:24.244137,2026-02-02T05:03:38.910210,14.67
subject_id,split_no,hostname,start_time,end_time,runtime_seconds
71849017280872,3,g3070,2026-02-02T05:03:27.388046,2026-02-02T05:03:39.753276,12.37
subject_id,split_no,hostname,start_time,end_time,runtime_seconds
65715967822251,1,g3053,2026-02-02T05:03:29.872676,2026-02-02T05:03:40.742607,10.87
subject_id,split_no,hostname,start_time,end_time,runtime_seconds
99542841613815,9,g3042,2026-02-02T05:03:31.246928,2026-02-02T05:03:42.615096,11.37
subject_id,split_no,hostname,start_time,end_time,runtime_seconds
48239930456278,2,g3053,2026-02-02T05:03:33.235381,2026-02-02T05:03:44.424754,11.19
subject_id,split_no,hostname,start_time,end_time,runtime_seconds
93491128291443,8,g3063,2026-02-02T05:03:34.527570,2026-02-02T05:03:44.786195,10.26
subject_id,split_no,hostname,start_time,end_time,runtime_seconds
90024861092544,7,g3062,2026-02-02T05:03:35.570837,2026-02-02T05:03:46.915404,11.34
subject_id,split_no,hostname,start_time,end_time,runtime_seconds
86494014107780,3,g3070,2026-02-02T05:03:39.762863,2026-02-02T05:03:50.218113,10.46
subject_id,split_no,hostname,start_time,end_time,runtime_seconds
30390669934425,4,g3072,2026-02-02T05:03:34.969061,2026-02-02T05:03:50.621896,15.65
subject_id,split_no,hostname,start_time,end_time,runtime_seconds
84898953059284,1,g3053,2026-02-02T05:03:40.760806,2026-02-02T05:03:52.793259,12.03
subject_id,split_no,hostname,start_time,end_time,runtime_seconds
27091259602746,5,g3073,2026-02-02T05:03:38.919322,2026-02-02T05:03:53.618846,14.70
subject_id,split_no,hostname,start_time,end_time,runtime_seconds
70763336732891,2,g3053,2026-02-02T05:03:44.436327,2026-02-02T05:03:56.357346,11.92
subject_id,split_no,hostname,start_time,end_time,runtime_seconds
31641093204866,4,g3072,2026-02-02T05:03:50.636407,2026-02-02T05:04:05.493443,14.86
subject_id,split_no,hostname,start_time,end_time,runtime_seconds
86479430180778,2,g3053,2026-02-02T05:03:56.365190,2026-02-02T05:04:07.827337,11.46
subject_id,split_no,hostname,start_time,end_time,runtime_seconds
28597611781685,5,g3073,2026-02-02T05:03:53.633749,2026-02-02T05:04:09.746717,16.11
subject_id,split_no,hostname,start_time,end_time,runtime_seconds
33752435803828,4,g3072,2026-02-02T05:04:05.515031,2026-02-02T05:04:21.478825,15.96
subject_id,split_no,hostname,start_time,end_time,runtime_seconds
30501682770038,5,g3073,2026-02-02T05:04:09.762342,2026-02-02T05:04:22.528100,12.77
subject_id,split_no,hostname,start_time,end_time,runtime_seconds
43717166913394,4,g3072,2026-02-02T05:04:21.507092,2026-02-02T05:04:40.748097,19.24
subject_id,split_no,hostname,start_time,end_time,runtime_seconds
32001092620149,5,g3073,2026-02-02T05:04:22.545217,2026-02-02T05:04:40.807567,18.26
subject_id,split_no,hostname,start_time,end_time,runtime_seconds
35918397061286,5,g3073,2026-02-02T05:04:40.827031,2026-02-02T05:04:54.761505,13.93
subject_id,split_no,hostname,start_time,end_time,runtime_seconds
50276292875695,4,g3072,2026-02-02T05:04:40.764239,2026-02-02T05:05:04.251172,23.49
subject_id,split_no,hostname,start_time,end_time,runtime_seconds
45203724572086,5,g3073,2026-02-02T05:04:54.771277,2026-02-02T05:05:08.082205,13.31
subject_id,split_no,hostname,start_time,end_time,runtime_seconds
76084158638666,4,g3072,2026-02-02T05:05:04.258317,2026-02-02T05:05:20.116467,15.86
subject_id,split_no,hostname,start_time,end_time,runtime_seconds
57059342504789,5,g3073,2026-02-02T05:05:08.098618,2026-02-02T05:05:20.390110,12.29
subject_id,split_no,hostname,start_time,end_time,runtime_seconds
88701623027519,4,g3072,2026-02-02T05:05:20.138538,2026-02-02T05:05:35.867007,15.73
subject_id,split_no,hostname,start_time,end_time,runtime_seconds
76811337679033,5,g3073,2026-02-02T05:05:20.410740,2026-02-02T05:05:38.471642,18.06
subject_id,split_no,hostname,start_time,end_time,runtime_seconds
88976336920958,5,g3073,2026-02-02T05:05:38.489900,2026-02-02T05:05:51.285185,12.80
